name,bus,p_nom,carrier,marginal_cost,",name,bus,p_nom,carrier,marginal_cost,",,plant_type,$/MWh
PLTD_Lemukutan,4,0.412,Oil,3,",PLTD_Lemukutan,4,0.412,Oil,3,",,Coal,0.13
PLTU_Kalbar_1_Unit_1,3,125,Coal,0.13,",PLTU_Kalbar_1_Unit_1,3,125,Coal,0.13,",,Oil,3
PLTU_Kalbar_1_Unit_2,2,125,Coal,0.13,",PLTU_Kalbar_1_Unit_2,2,125,Coal,0.13,",,Gas,0.13
PLTU_Parit_Baru_Site_Bengkayang_#01,11,55,Coal,0.13,",PLTU_Parit_Baru_Site_Bengkayang_#01,11,55,Coal,0.13,",,Biomass,3
PLTU_Parit_Baru_Site_Bengkayang_#02,11,55,Coal,0.13,",PLTU_Parit_Baru_Site_Bengkayang_#02,11,55,Coal,0.13,",,Run_of_River,3
PLTD_Area_Singkawang,1,0.16,Oil,3,",PLTD_Area_Singkawang,1,0.16,Oil,3,",,Geothermal,0.5
PLTD_Sei_Wie,1,18.4,Oil,3,",PLTD_Sei_Wie,1,18.4,Oil,3,",,Solar,0.37
PLTD_Sudirman,1,5.585,Oil,3,",PLTD_Sudirman,1,5.585,Oil,3,",,Wind,0
PLTD_Sepuk_Laut,5,0.5,Oil,3,",PLTD_Sepuk_Laut,5,0.5,Oil,3,",,,
PLTD_Tanjung_Saleh,5,0.77,Oil,3,",PLTD_Tanjung_Saleh,5,0.77,Oil,3,",,source: slwahid,
PLTMG_MPP_PLN_Batam_(MPP_Pontianak),5,100,Oil,3,",PLTMG_MPP_PLN_Batam_(MPP_Pontianak),5,100,Oil,3,",,,
PLTD_Padang_Tikar,5,3.375,Oil,3,",PLTD_Padang_Tikar,5,3.375,Oil,3,",,,
PLTBm_PT._Rezeki,5,10,Biomass,3,",PLTBm_PT._Rezeki,5,10,Biomass,3,",,,
PLTD_Sambas,0,4.095,Oil,3,",PLTD_Sambas,0,4.095,Oil,3,",,,
PLTD_Siantan,7,49.9,Oil,3,",PLTD_Siantan,7,49.9,Oil,3,",,,
PLTG_Siantan,7,34,Oil,3,",PLTG_Siantan,7,34,Oil,3,",,,
PLTD_Sei_Raya,6,50.4,Oil,3,",PLTD_Sei_Raya,6,50.4,Oil,3,",,,
PLTBm_PT_Harjohn_Timber,8,5,Biomass,3,",PLTBm_PT_Harjohn_Timber,8,5,Biomass,3,",,,
PLTD_Dusun_Besar,8,1.196,Oil,3,",PLTD_Dusun_Besar,8,1.196,Oil,3,",,,
PLTD_Bengkayang,11,0.5,Oil,3,",PLTD_Bengkayang,11,0.5,Oil,3,",,,
PLTD_Batu_Ampar_1,11,0.576,Oil,3,",PLTD_Batu_Ampar_1,11,0.576,Oil,3,",,,
PLTS_Temajuk,11,0.08,Solar,0.37,",PLTS_Temajuk,11,0.08,Solar,0.37,",,,
PLTD_Temajuk,11,0.75,Oil,3,",PLTD_Temajuk,11,0.75,Oil,3,",,,
PLTMH_Sajingan,11,0.225,Run_of_River,3,",PLTMH_Sajingan,11,0.225,Run_of_River,3,",,,
PLTMH_Serawak_Energi_BHD_Sajingan_(B),12,0.8,Run_of_River,3,",PLTMH_Serawak_Energi_BHD_Sajingan_(B),12,0.8,Run_of_River,3,",,,
PLTD_Tanjung_Satai,9,1.084,Oil,3,",PLTD_Tanjung_Satai,9,1.084,Oil,3,",,,
PLTMH_Merasap,11,1.5,Run_of_River,3,",PLTMH_Merasap,11,1.5,Run_of_River,3,",,,
PLTD_Pulau_Limbung,9,0.44,Oil,3,",PLTD_Pulau_Limbung,9,0.44,Oil,3,",,,
PLTS_Pulau_Limbung,9,0.06,Solar,0.37,",PLTS_Pulau_Limbung,9,0.06,Solar,0.37,",,,
PLTD_Ngabang,11,1.72,Oil,3,",PLTD_Ngabang,11,1.72,Oil,3,",,,
PLTU_Ketapang_#01,9,10,Coal,0.13,",PLTU_Ketapang_#01,9,10,Coal,0.13,",,,
PLTU_Ketapang_#02,9,10,Coal,0.13,",PLTU_Ketapang_#02,9,10,Coal,0.13,",,,
PLTD_Teluk_Melano,9,7.98,Oil,3,",PLTD_Teluk_Melano,9,7.98,Oil,3,",,,
PLTU_Tembilok_(IPP_Ketapang)_#01,9,7.5,Coal,0.13,",PLTU_Tembilok_(IPP_Ketapang)_#01,9,7.5,Coal,0.13,",,,
PLTU_Tembilok_(IPP_Ketapang)_#02,9,7.5,Coal,0.13,",PLTU_Tembilok_(IPP_Ketapang)_#02,9,7.5,Coal,0.13,",,,
PLTBm_PT_Alas_Kusuma,9,3.5,Biomass,3,",PLTBm_PT_Alas_Kusuma,9,3.5,Biomass,3,",,,
PLTD_Sukaharja,9,14.799,Oil,3,",PLTD_Sukaharja,9,14.799,Oil,3,",,,
PLTD_Cempaka_Putih,10,0.28,Oil,3,",PLTD_Cempaka_Putih,10,0.28,Oil,3,",,,
PLTS_Sidding,10,0.04,Solar,0.37,",PLTS_Sidding,10,0.04,Solar,0.37,",,,
PLTD_Teraju,9,0.368,Oil,3,",PLTD_Teraju,9,0.368,Oil,3,",,,
PLTD_Kendawangan_Kanan,9,0.823,Oil,3,",PLTD_Kendawangan_Kanan,9,0.823,Oil,3,",,,
PLTD_Ulak_Medang,9,0.04,Oil,3,",PLTD_Ulak_Medang,9,0.04,Oil,3,",,,
PLTA_SESCO_275,10,90,Run_of_River,3,",PLTA_SESCO_275,10,90,Run_of_River,3,",,,
PLTMH_Serawak_Energi_BHD_Balai_Karangan_(B),12,1.12,Run_of_River,3,",PLTMH_Serawak_Energi_BHD_Balai_Karangan_(B),12,1.12,Run_of_River,3,",,,
PLTD_Balai_Bekuak,9,3.009,Oil,3,",PLTD_Balai_Bekuak,9,3.009,Oil,3,",,,
PLTD_Kuala_Buayan,9,1.574,Oil,3,",PLTD_Kuala_Buayan,9,1.574,Oil,3,",,,
PLTD_Sampurna,9,0.236,Oil,3,",PLTD_Sampurna,9,0.236,Oil,3,",,,
PLTD_Aur_Kuning,9,2.755,Oil,3,",PLTD_Aur_Kuning,9,2.755,Oil,3,",,,
PLTD_Sandai,9,1.438,Oil,3,",PLTD_Sandai,9,1.438,Oil,3,",,,
PLTU_Sanggau_#01,9,7,Coal,0.13,",PLTU_Sanggau_#01,9,7,Coal,0.13,",,,
PLTU_Sanggau_#02,9,7,Coal,0.13,",PLTU_Sanggau_#02,9,7,Coal,0.13,",,,
PLTD_Semboja,10,6,Oil,3,",PLTD_Semboja,10,6,Oil,3,",,,
PLTD_Nanga_Tayap,9,0.75,Oil,3,",PLTD_Nanga_Tayap,9,0.75,Oil,3,",,,
PLTD_Kantuk,10,0.14,Oil,3,",PLTD_Kantuk,10,0.14,Oil,3,",,,
PLTD_Tumbang_Titi,9,1.35,Oil,3,",PLTD_Tumbang_Titi,9,1.35,Oil,3,",,,
PLTD_Air_Hitam,9,1.05,Oil,3,",PLTD_Air_Hitam,9,1.05,Oil,3,",,,
PLTD_Marau,9,0.246,Oil,3,",PLTD_Marau,9,0.246,Oil,3,",,,
PLTD_Kuala_Jelai,13,0.92,Oil,3,",PLTD_Kuala_Jelai,13,0.92,Oil,3,",,,
PLTD_Air_Upas,9,0.695,Oil,3,",PLTD_Air_Upas,9,0.695,Oil,3,",,,
PLTD_Balai_Karangan,10,4.69,Oil,3,",PLTD_Balai_Karangan,10,4.69,Oil,3,",,,
PLTD_Sekadau,9,2.345,Oil,3,",PLTD_Sekadau,9,2.345,Oil,3,",,,
PLTMH_Batu_Menang,9,0.1,Run_of_River,3,",PLTMH_Batu_Menang,9,0.1,Run_of_River,3,",,,
PLTD_Manis_Mata,10,0.232,Oil,3,",PLTD_Manis_Mata,10,0.232,Oil,3,",,,
PLTD_Senaning,10,0.488,Oil,3,",PLTD_Senaning,10,0.488,Oil,3,",,,
PLTD_Kudangan,13,0.29,Oil,3,",PLTD_Kudangan,13,0.29,Oil,3,",,,
PLTD_Sinar_Pekayau,10,0.505,Oil,3,",PLTD_Sinar_Pekayau,10,0.505,Oil,3,",,,
PLTD_Jasa,10,0.306,Oil,3,",PLTD_Jasa,10,0.306,Oil,3,",,,
PLTD_Sukamara_#03_(MWM),13,0.22,Oil,3,",PLTD_Sukamara_#03_(MWM),13,0.22,Oil,3,",,,
PLTD_Sukamara_#04_(DEUTZ),13,0.24,Oil,3,",PLTD_Sukamara_#04_(DEUTZ),13,0.24,Oil,3,",,,
PLTD_Sukamara_#05_(DEUTZ_AG),13,0.7,Oil,3,",PLTD_Sukamara_#05_(DEUTZ_AG),13,0.7,Oil,3,",,,
PLTD_Sukamara_#06_(MTU),13,0.528,Oil,3,",PLTD_Sukamara_#06_(MTU),13,0.528,Oil,3,",,,
PLTD_Sukamara_#07_(MITSUBITSI),13,1.33,Oil,3,",PLTD_Sukamara_#07_(MITSUBITSI),13,1.33,Oil,3,",,,
PLTD_Sukamara_#08_(MITSUBITSI),13,1.33,Oil,3,",PLTD_Sukamara_#08_(MITSUBITSI),13,1.33,Oil,3,",,,
PLTD_Sukamara_#09_(MITSUBITSI),13,1.33,Oil,3,",PLTD_Sukamara_#09_(MITSUBITSI),13,1.33,Oil,3,",,,
PLTD_Sukamara_#01_(MAN),13,0.536,Oil,3,",PLTD_Sukamara_#01_(MAN),13,0.536,Oil,3,",,,
PLTD_Sukamara_#02_(MAN),13,0.536,Oil,3,",PLTD_Sukamara_#02_(MAN),13,0.536,Oil,3,",,,
PLTD_Balai_Riam,13,0.54,Oil,3,",PLTD_Balai_Riam,13,0.54,Oil,3,",,,
PLTD_Balai_Sepuak,10,0.996,Oil,3,",PLTD_Balai_Sepuak,10,0.996,Oil,3,",,,
PLTD_Kartamulia_Sukamara_Mitsubishi_Unit_78,13,2.66,Oil,3,",PLTD_Kartamulia_Sukamara_Mitsubishi_Unit_78,13,2.66,Oil,3,",,,
PLTD_Belitang,10,3.3,Oil,3,",PLTD_Belitang,10,3.3,Oil,3,",,,
PLTD_Tapin_Bini,13,11.65,Oil,3,",PLTD_Tapin_Bini,13,11.65,Oil,3,",,,
PLTU_Sintang_#01,10,9,Coal,0.13,",PLTU_Sintang_#01,10,9,Coal,0.13,",,,
PLTU_Sintang_#02,10,9,Coal,0.13,",PLTU_Sintang_#02,10,9,Coal,0.13,",,,
PLTU_Sintang_#03,10,9,Coal,0.13,",PLTU_Sintang_#03,10,9,Coal,0.13,",,,
PLTD_Rayon_Nanga_Bulik,13,10.848,Oil,3,",PLTD_Rayon_Nanga_Bulik,13,10.848,Oil,3,",,,
PLTD_Simpang_Sepaku_Mitsubishi_Unit_9,13,1.33,Oil,3,",PLTD_Simpang_Sepaku_Mitsubishi_Unit_9,13,1.33,Oil,3,",,,
PLTD_Simpang_Sepaku_Mitsubishi_Unit_56,13,2.66,Oil,3,",PLTD_Simpang_Sepaku_Mitsubishi_Unit_56,13,2.66,Oil,3,",,,
PLTD_Menyurai,10,12.21,Oil,3,",PLTD_Menyurai,10,12.21,Oil,3,",,,
PLTD_Nanga_Merakai,10,0.6,Oil,3,",PLTD_Nanga_Merakai,10,0.6,Oil,3,",,,
PLTD_Kota_Baru,9,0.331,Oil,3,",PLTD_Kota_Baru,9,0.331,Oil,3,",,,
PLTD_Ketungau,10,0.213,Oil,3,",PLTD_Ketungau,10,0.213,Oil,3,",,,
PLTD_Nanga_Lebang,10,0.218,Oil,3,",PLTD_Nanga_Lebang,10,0.218,Oil,3,",,,
PLTD_Nanga_Sayan,9,1.029,Oil,3,",PLTD_Nanga_Sayan,9,1.029,Oil,3,",,,
PLTD_Kayan,9,0.337,Oil,3,",PLTD_Kayan,9,0.337,Oil,3,",,,
PLTD_Mentobi_Raya,13,1.7,Oil,3,",PLTD_Mentobi_Raya,13,1.7,Oil,3,",,,
PLTU_Pangkalan_Bun_(PT._Eksploitasi_Energi_Indonesia),13,14,Coal,0.13,",PLTU_Pangkalan_Bun_(PT._Eksploitasi_Energi_Indonesia),13,14,Coal,0.13,",,,
PLTD_Sidomulyo_Pinoh,9,0.576,Oil,3,",PLTD_Sidomulyo_Pinoh,9,0.576,Oil,3,",,,
PLTD_Kumai,13,11,Oil,3,",PLTD_Kumai,13,11,Oil,3,",,,
PLTD_Pangkalan_Bun,13,7.12,Oil,3,",PLTD_Pangkalan_Bun,13,7.12,Oil,3,",,,
PLTD_Sewa_PGL_Pangkalan_Bun,13,4,Oil,3,",PLTD_Sewa_PGL_Pangkalan_Bun,13,4,Oil,3,",,,
PLTD_Sewa_Kaltimex_Pangkalan_Bun,13,14,Oil,3,",PLTD_Sewa_Kaltimex_Pangkalan_Bun,13,14,Oil,3,",,,
PLTD_Kalan,9,0.17,Oil,3,",PLTD_Kalan,9,0.17,Oil,3,",,,
PLTD_Bora,9,1.078,Oil,3,",PLTD_Bora,9,1.078,Oil,3,",,,
PLTMH_Bora,9,0.2,Run_of_River,3,",PLTMH_Bora,9,0.2,Run_of_River,3,",,,
PLTD_Nanga_Silat,9,0.748,Oil,3,",PLTD_Nanga_Silat,9,0.748,Oil,3,",,,
PLTD_Kenambui,13,0.12,Oil,3,",PLTD_Kenambui,13,0.12,Oil,3,",,,
PLTD_Sewa_UPM_Pangkalan_Banteng,13,2.5,Oil,3,",PLTD_Sewa_UPM_Pangkalan_Banteng,13,2.5,Oil,3,",,,
PLTBm_Korintiga_Hutani,13,3,Biomass,3,",PLTBm_Korintiga_Hutani,13,3,Biomass,3,",,,
PLTMH_Serawak_Energi_BHD_Badau_(B),12,0.32,Run_of_River,3,",PLTMH_Serawak_Energi_BHD_Badau_(B),12,0.32,Run_of_River,3,",,,
PLTD_Seberuang,9,0.162,Oil,3,",PLTD_Seberuang,9,0.162,Oil,3,",,,
PLTD_Badau,9,2.085,Oil,3,",PLTD_Badau,9,2.085,Oil,3,",,,
PLTD_Pangkut,13,0.8,Oil,3,",PLTD_Pangkut,13,0.8,Oil,3,",,,
PLTD_Tumbang_Manjul,13,0.498,Oil,3,",PLTD_Tumbang_Manjul,13,0.498,Oil,3,",,,
PLTD_Semitau,9,4.748,Oil,3,",PLTD_Semitau,9,4.748,Oil,3,",,,
PLTBm_Kotawaringin_Barat,13,10,Biomass,3,",PLTBm_Kotawaringin_Barat,13,10,Biomass,3,",,,
PLTD_Pulau_Majang,9,0.156,Oil,3,",PLTD_Pulau_Majang,9,0.156,Oil,3,",,,
PLTD_Nanga_Ella,9,1.445,Oil,3,",PLTD_Nanga_Ella,9,1.445,Oil,3,",,,
PLTD_ULD_Tewah,14,1.584,Oil,3,",PLTD_ULD_Tewah,14,1.584,Oil,3,",,,
PLTD_Belikai,10,0.3,Oil,3,",PLTD_Belikai,10,0.3,Oil,3,",,,
PLTD_Nibung,10,0.08,Oil,3,",PLTD_Nibung,10,0.08,Oil,3,",,,
PLTD_Tebidah,10,0.36,Oil,3,",PLTD_Tebidah,10,0.36,Oil,3,",,,
PLTD_Rantau_Pulut,14,0.96,Oil,3,",PLTD_Rantau_Pulut,14,0.96,Oil,3,",,,
PLTD_Sukamandang,14,1.1,Oil,3,",PLTD_Sukamandang,14,1.1,Oil,3,",,,
PLTD_Tontang,9,0.216,Oil,3,",PLTD_Tontang,9,0.216,Oil,3,",,,
PLTD_Manukung,9,0.232,Oil,3,",PLTD_Manukung,9,0.232,Oil,3,",,,
PLTD_Lanjak,10,0.66,Oil,3,",PLTD_Lanjak,10,0.66,Oil,3,",,,
PLTD_Telaga_Pulang,15,0.45,Oil,3,",PLTD_Telaga_Pulang,15,0.45,Oil,3,",,,
PLTD_Jongkong,10,1.39,Oil,3,",PLTD_Jongkong,10,1.39,Oil,3,",,,
PLTD_Tepuai,10,3.99,Oil,3,",PLTD_Tepuai,10,3.99,Oil,3,",,,
PLTD_Ujung_Said,10,0.496,Oil,3,",PLTD_Ujung_Said,10,0.496,Oil,3,",,,
PLTD_ULD_Tumbang_Senamang,14,0.46,Oil,3,",PLTD_ULD_Tumbang_Senamang,14,0.46,Oil,3,",,,
PLTD_Serawai,9,1.896,Oil,3,",PLTD_Serawai,9,1.896,Oil,3,",,,
PLTBg_Sukajadi_Sawit_Mekar,14,2.4,Biomass,3,",PLTBg_Sukajadi_Sawit_Mekar,14,2.4,Biomass,3,",,,
PLTD_Ulak_Pauk,10,0.238,Oil,3,",PLTD_Ulak_Pauk,10,0.238,Oil,3,",,,
PLTBg_Maju_Aneka_Sawit,14,1,Biomass,3,",PLTBg_Maju_Aneka_Sawit,14,1,Biomass,3,",,,
PLTD_Kuala_Pembuang_#01_(MWM),14,0.22,Oil,3,",PLTD_Kuala_Pembuang_#01_(MWM),14,0.22,Oil,3,",,,
PLTD_Kuala_Pembuang_#05_(MITSUBISHI),14,1.33,Oil,3,",PLTD_Kuala_Pembuang_#05_(MITSUBISHI),14,1.33,Oil,3,",,,
PLTD_Kuala_Pembuang_#06_(MITSUBISIH),14,1.33,Oil,3,",PLTD_Kuala_Pembuang_#06_(MITSUBISIH),14,1.33,Oil,3,",,,
PLTD_Kuala_Pembuang_#07_(MITSUBISHI),14,1.33,Oil,3,",PLTD_Kuala_Pembuang_#07_(MITSUBISHI),14,1.33,Oil,3,",,,
PLTD_Kuala_Pembuang_#08_(MITSUBISHI),14,1.33,Oil,3,",PLTD_Kuala_Pembuang_#08_(MITSUBISHI),14,1.33,Oil,3,",,,
PLTD_Kuala_Pembuang_#02_(DEUTZ_MWM),14,0.528,Oil,3,",PLTD_Kuala_Pembuang_#02_(DEUTZ_MWM),14,0.528,Oil,3,",,,
PLTD_Kuala_Pembuang_#03_(DEUTZ_MWM),14,0.528,Oil,3,",PLTD_Kuala_Pembuang_#03_(DEUTZ_MWM),14,0.528,Oil,3,",,,
PLTD_Kuala_Pembuang_#04_(DEUTZ_MWM),14,0.528,Oil,3,",PLTD_Kuala_Pembuang_#04_(DEUTZ_MWM),14,0.528,Oil,3,",,,
PLTD_Kuala_Pembuang_Unit_7,14,1.33,Oil,3,",PLTD_Kuala_Pembuang_Unit_7,14,1.33,Oil,3,",,,
PLTD_Kuala_Pembuang_Unit_9,14,1,Oil,3,",PLTD_Kuala_Pembuang_Unit_9,14,1,Oil,3,",,,
PLTBg_Unggul_Lestari,14,1,Biomass,3,",PLTBg_Unggul_Lestari,14,1,Biomass,3,",,,
PLTD_Embaloh,10,0.601,Oil,3,",PLTD_Embaloh,10,0.601,Oil,3,",,,
PLTD_UPM_Parenggean,14,2.5,Oil,3,",PLTD_UPM_Parenggean,14,2.5,Oil,3,",,,
PLTD_Bunut,10,0.57,Oil,3,",PLTD_Bunut,10,0.57,Oil,3,",,,
PLTD_ULD_Tumbang_Hiran,14,0.56,Oil,3,",PLTD_ULD_Tumbang_Hiran,14,0.56,Oil,3,",,,
PLTD_Kemangai,10,0.216,Oil,3,",PLTD_Kemangai,10,0.216,Oil,3,",,,
PLTD_Piasak,10,0.222,Oil,3,",PLTD_Piasak,10,0.222,Oil,3,",,,
PLTD_Sawai,10,12.485,Oil,3,",PLTD_Sawai,10,12.485,Oil,3,",,,
PLTD_Rayon_Sampit,17,3.88,Oil,3,",PLTD_Rayon_Sampit,17,3.88,Oil,3,",,,
PLTD_Sewa_Kaltimex_Sampit,17,8,Oil,3,",PLTD_Sewa_Kaltimex_Sampit,17,8,Oil,3,",,,
PLTD_ULD_Tumbang_Kaman,16,1.22,Oil,3,",PLTD_ULD_Tumbang_Kaman,16,1.22,Oil,3,",,,
PLTD_Nanga_Erak,10,0.57,Oil,3,",PLTD_Nanga_Erak,10,0.57,Oil,3,",,,
PLTD_Mendawai,17,1.352,Oil,3,",PLTD_Mendawai,17,1.352,Oil,3,",,,
PLTD_ULD_Telaga,17,0.12,Oil,3,",PLTD_ULD_Telaga,17,0.12,Oil,3,",,,
PLTD_Pagatan,17,5,Oil,3,",PLTD_Pagatan,17,5,Oil,3,",,,
PLTD_ULD_Tumbang_Talaken,16,1,Oil,3,",PLTD_ULD_Tumbang_Talaken,16,1,Oil,3,",,,
PLTD_ULD_Tumbang_Miri,16,1.06,Oil,3,",PLTD_ULD_Tumbang_Miri,16,1.06,Oil,3,",,,
PLTU_Kalselteng_1_(PT._SKS_Listrik_Kalimantan)_#01,16,115.034,Coal,0.13,",PLTU_Kalselteng_1_(PT._SKS_Listrik_Kalimantan)_#01,16,115.034,Coal,0.13,",,,
PLTU_Kalselteng_1_(PT._SKS_Listrik_Kalimantan)_#02,16,115.034,Coal,0.13,",PLTU_Kalselteng_1_(PT._SKS_Listrik_Kalimantan)_#02,16,115.034,Coal,0.13,",,,
PLTD_ULD_Tumbang_Jutuh,16,2.1,Oil,3,",PLTD_ULD_Tumbang_Jutuh,16,2.1,Oil,3,",,,
PLTD_Sebangau,17,0.44,Oil,3,",PLTD_Sebangau,17,0.44,Oil,3,",,,
PLTD_ULD_Tumbang_Tambirah,16,0.16,Oil,3,",PLTD_ULD_Tumbang_Tambirah,16,0.16,Oil,3,",,,
PLTD_ULD_Tumbang_Miwan,16,0.616,Oil,3,",PLTD_ULD_Tumbang_Miwan,16,0.616,Oil,3,",,,
PLTD_Kuala_Kurun_#03_MITSUBISHI),16,1.33,Oil,3,",PLTD_Kuala_Kurun_#03_MITSUBISHI),16,1.33,Oil,3,",,,
PLTD_Kuala_Kurun_#04_MITSUBISHI),16,1.33,Oil,3,",PLTD_Kuala_Kurun_#04_MITSUBISHI),16,1.33,Oil,3,",,,
PLTD_Kuala_Kurun_#05_MITSUBISHI),16,1.33,Oil,3,",PLTD_Kuala_Kurun_#05_MITSUBISHI),16,1.33,Oil,3,",,,
PLTD_Kuala_Kurun_Unit_2-3,16,2.66,Oil,3,",PLTD_Kuala_Kurun_Unit_2-3,16,2.66,Oil,3,",,,
PLTD_Kuala_Kurun_Unit_4,16,1.33,Oil,3,",PLTD_Kuala_Kurun_Unit_4,16,1.33,Oil,3,",,,
PLTD_Kuala_Kurun_#01_(MWM),16,0.22,Oil,3,",PLTD_Kuala_Kurun_#01_(MWM),16,0.22,Oil,3,",,,
PLTD_Kuala_Kurun_#02_(DEUTZ_MWM),16,0.528,Oil,3,",PLTD_Kuala_Kurun_#02_(DEUTZ_MWM),16,0.528,Oil,3,",,,
PLTD_Kahayan/Area_Palangka_Raya,17,17.45,Oil,3,",PLTD_Kahayan/Area_Palangka_Raya,17,17.45,Oil,3,",,,
PLTD_Sungai_Hanyu,18,0.38,Oil,3,",PLTD_Sungai_Hanyu,18,0.38,Oil,3,",,,
PLTU_Pulang_Pisau_#01,20,60,Coal,0.13,",PLTU_Pulang_Pisau_#01,20,60,Coal,0.13,",,,
PLTU_Pulang_Pisau_#02,20,60,Coal,0.13,",PLTU_Pulang_Pisau_#02,20,60,Coal,0.13,",,,
PLTD_Tumbang_Lahung,19,0.38,Oil,3,",PLTD_Tumbang_Lahung,19,0.38,Oil,3,",,,
PLTD_Pujon,19,0.981,Oil,3,",PLTD_Pujon,19,0.981,Oil,3,",,,
PLTD_Kuala_Kapuas,21,6,Oil,3,",PLTD_Kuala_Kapuas,21,6,Oil,3,",,,
PLTD_Timpah,21,1.108,Oil,3,",PLTD_Timpah,21,1.108,Oil,3,",,,
PLTD_Long_Apari,39,0.64,Oil,3,",PLTD_Long_Apari,39,0.64,Oil,3,",,,
PLTU_PT._Wijaya_Triutama_Plywood_Industri,28,45,Coal,0.13,",PLTU_PT._Wijaya_Triutama_Plywood_Industri,28,45,Coal,0.13,",,,
PLTG_Trisakti,23,21,Oil,3,",PLTG_Trisakti,23,21,Oil,3,",,,
PLTD_Trisakti,23,54.2,Oil,3,",PLTD_Trisakti,23,54.2,Oil,3,",,,
PLTD_Puruk_Cahu,21,2.19,Oil,3,",PLTD_Puruk_Cahu,21,2.19,Oil,3,",,,
PLTD_Long_Pahangai,39,0.6,Oil,3,",PLTD_Long_Pahangai,39,0.6,Oil,3,",,,
PLTD_Muara_Laung,21,2.07,Oil,3,",PLTD_Muara_Laung,21,2.07,Oil,3,",,,
PLTD_Tumpung_Laung,21,1.04,Oil,3,",PLTD_Tumpung_Laung,21,1.04,Oil,3,",,,
PLTD_Buntok,21,4.01,Oil,3,",PLTD_Buntok,21,4.01,Oil,3,",,,
PLTD_Tanjung_Jawa,21,0.22,Oil,3,",PLTD_Tanjung_Jawa,21,0.22,Oil,3,",,,
PLTD_Babai,21,0.4,Oil,3,",PLTD_Babai,21,0.4,Oil,3,",,,
PLTD_Mangkatip,21,0.44,Oil,3,",PLTD_Mangkatip,21,0.44,Oil,3,",,,
PLTD_Teluk_Betung,21,0.26,Oil,3,",PLTD_Teluk_Betung,21,0.26,Oil,3,",,,
PLTD_Damparan,21,0.44,Oil,3,",PLTD_Damparan,21,0.44,Oil,3,",,,
PLTD_Rangga_Ilung,21,0.5,Oil,3,",PLTD_Rangga_Ilung,21,0.5,Oil,3,",,,
PLTD_Pendang,21,0.3,Oil,3,",PLTD_Pendang,21,0.3,Oil,3,",,,
PLTD_Muara_Teweh,37,8.81,Oil,3,",PLTD_Muara_Teweh,37,8.81,Oil,3,",,,
PLTD_Merawan_Lama,21,0.28,Oil,3,",PLTD_Merawan_Lama,21,0.28,Oil,3,",,,
PLTD_Montalat,21,0.26,Oil,3,",PLTD_Montalat,21,0.26,Oil,3,",,,
PLTD_Kayan_Hulu,63,1.275,Oil,3,",PLTD_Kayan_Hulu,63,1.275,Oil,3,",,,
PLTD_Bundar,21,0.12,Oil,3,",PLTD_Bundar,21,0.12,Oil,3,",,,
PLTD_Luwe_Hulu,37,0.48,Oil,3,",PLTD_Luwe_Hulu,37,0.48,Oil,3,",,,
PLTD_Sabuh,37,0.22,Oil,3,",PLTD_Sabuh,37,0.22,Oil,3,",,,
PLTD_Muara_Plantau,36,0.18,Oil,3,",PLTD_Muara_Plantau,36,0.18,Oil,3,",,,
PLTA_IR._PM_Noor,24,30,Run_of_River,3,",PLTA_IR._PM_Noor,24,30,Run_of_River,3,",,,
PLTD_Benangin,36,0.36,Oil,3,",PLTD_Benangin,36,0.36,Oil,3,",,,
PLTD_Asam_Asam,25,8.4,Oil,3,",PLTD_Asam_Asam,25,8.4,Oil,3,",,,
PLTU_Asam_Asam_#01,25,65,Coal,0.13,",PLTU_Asam_Asam_#01,25,65,Coal,0.13,",,,
PLTU_Asam_Asam_#02,25,65,Coal,0.13,",PLTU_Asam_Asam_#02,25,65,Coal,0.13,",,,
PLTU_Asam_Asam_#03,25,65,Coal,0.13,",PLTU_Asam_Asam_#03,25,65,Coal,0.13,",,,
PLTU_Asam_Asam_#04,25,65,Coal,0.13,",PLTU_Asam_Asam_#04,25,65,Coal,0.13,",,,
PLTD_Kandui,36,1.13,Oil,3,",PLTD_Kandui,36,1.13,Oil,3,",,,
PLTU_Rimau_Electric,38,7,Coal,0.13,",PLTU_Rimau_Electric,38,7,Coal,0.13,",,,
PLTMG_Bangkanai_Blok_#01,38,39.076,Gas,0.13,",PLTMG_Bangkanai_Blok_#01,38,39.076,Gas,0.13,",,,
PLTMG_Bangkanai_Blok_#02,38,39.076,Gas,0.13,",PLTMG_Bangkanai_Blok_#02,38,39.076,Gas,0.13,",,,
PLTMG_Bangkanai_Blok_#03,38,39.076,Gas,0.13,",PLTMG_Bangkanai_Blok_#03,38,39.076,Gas,0.13,",,,
PLTMG_Bangkanai_Blok_#04,38,39.076,Gas,0.13,",PLTMG_Bangkanai_Blok_#04,38,39.076,Gas,0.13,",,,
PLTD_ULD_Rantau_Bujur,31,0.42,Oil,3,",PLTD_ULD_Rantau_Bujur,31,0.42,Oil,3,",,,
PLTD_ULD_Benua_Riam,31,0.18,Oil,3,",PLTD_ULD_Benua_Riam,31,0.18,Oil,3,",,,
PLTD_Long_Bagun,44,0.3,Oil,3,",PLTD_Long_Bagun,44,0.3,Oil,3,",,,
PLTD_Long_Bagun_Pemkab,44,0.52,Oil,3,",PLTD_Long_Bagun_Pemkab,44,0.52,Oil,3,",,,
PLTD_Panangkalaan,34,8.534,Oil,3,",PLTD_Panangkalaan,34,8.534,Oil,3,",,,
PLTD_Barabai,32,6.672,Oil,3,",PLTD_Barabai,32,6.672,Oil,3,",,,
PLTU_Kalsel-1_(PT._Tanjung_Power_Indonesia)_#01,35,115,Coal,0.13,",PLTU_Kalsel-1_(PT._Tanjung_Power_Indonesia)_#01,35,115,Coal,0.13,",,,
PLTU_Kalsel-1_(PT._Tanjung_Power_Indonesia)_#02,35,115,Coal,0.13,",PLTU_Kalsel-1_(PT._Tanjung_Power_Indonesia)_#02,35,115,Coal,0.13,",,,
PLTU_PT._Makmur_Sejahtera_Wisesa,35,60,Coal,0.13,",PLTU_PT._Makmur_Sejahtera_Wisesa,35,60,Coal,0.13,",,,
PLTD_Maburai,35,1.88,Oil,3,",PLTD_Maburai,35,1.88,Oil,3,",,,
PLTD_Datah_Bilang,44,0.54,Oil,3,",PLTD_Datah_Bilang,44,0.54,Oil,3,",,,
PLTU_PT._Conch_South_Kalimantan_Cement_(SKC),30,15,Coal,0.13,",PLTU_PT._Conch_South_Kalimantan_Cement_(SKC),30,15,Coal,0.13,",,,
PLTD_Gunung_Purei_Unit_123,38,0.38,Oil,3,",PLTD_Gunung_Purei_Unit_123,38,0.38,Oil,3,",,,
PLTD_Long_Iram,45,1.44,Oil,3,",PLTD_Long_Iram,45,1.44,Oil,3,",,,
PLTD_Long_Iram_Pemkab,45,0.5,Oil,3,",PLTD_Long_Iram_Pemkab,45,0.5,Oil,3,",,,
PLTD_Krayan,61,0.8,Oil,3,",PLTD_Krayan,61,0.8,Oil,3,",,,
PLTMH_Krayan_Pemkab,61,0.08,Run_of_River,3,",PLTMH_Krayan_Pemkab,61,0.08,Run_of_River,3,",,,
PLTMH_Krayan,61,0.16,Run_of_River,3,",PLTMH_Krayan,61,0.16,Run_of_River,3,",,,
PLTD_Dilang_Putih,44,0.22,Oil,3,",PLTD_Dilang_Putih,44,0.22,Oil,3,",,,
PLTBg_Suka_Damai,29,2.4,Biomass,3,",PLTBg_Suka_Damai,29,2.4,Biomass,3,",,,
PLTD_Sewa_Sentawar_Pemkab_Kubar,53,5.2,Oil,3,",PLTD_Sewa_Sentawar_Pemkab_Kubar,53,5.2,Oil,3,",,,
PLTD_Sentawar,53,24.61,Oil,3,",PLTD_Sentawar,53,24.61,Oil,3,",,,
PLTBg_Rea_Kaltim,53,2,Biomass,3,",PLTBg_Rea_Kaltim,53,2,Biomass,3,",,,
PLTD_Marabatuan,26,0.3,Oil,3,",PLTD_Marabatuan,26,0.3,Oil,3,",,,
PLTD_Muara_Komam,39,2.79,Oil,3,",PLTD_Muara_Komam,39,2.79,Oil,3,",,,
PLTD_Kelumpang,53,0.12,Oil,3,",PLTD_Kelumpang,53,0.12,Oil,3,",,,
PLTD_Melak,53,24.61,Oil,3,",PLTD_Melak,53,24.61,Oil,3,",,,
PLTD_Melak_Sewatama,53,4,Oil,3,",PLTD_Melak_Sewatama,53,4,Oil,3,",,,
PLTD_Melak_Pemkab,53,5.2,Oil,3,",PLTD_Melak_Pemkab,53,5.2,Oil,3,",,,
PLTD_Melak_Kaltimex,53,6,Oil,3,",PLTD_Melak_Kaltimex,53,6,Oil,3,",,,
PLTD_Batu_Sopang,39,8.4,Oil,3,",PLTD_Batu_Sopang,39,8.4,Oil,3,",,,
PLTD_Tabisaq,39,0.52,Oil,3,",PLTD_Tabisaq,39,0.52,Oil,3,",,,
PLTD_Tabang,39,0.53,Oil,3,",PLTD_Tabang,39,0.53,Oil,3,",,,
PLTD_Sengayam,27,1.78,Oil,3,",PLTD_Sengayam,27,1.78,Oil,3,",,,
PLTU_Dua_Samudera_Perkasa_(DSP),27,6,Coal,0.13,",PLTU_Dua_Samudera_Perkasa_(DSP),27,6,Coal,0.13,",,,
PLTD_Lontar,26,2.62,Oil,3,",PLTD_Lontar,26,2.62,Oil,3,",,,
PLTD_Muara_Pahu,53,0.8,Oil,3,",PLTD_Muara_Pahu,53,0.8,Oil,3,",,,
PLTD_Kerang,40,0.96,Oil,3,",PLTD_Kerang,40,0.96,Oil,3,",,,
PLTD_Semaras,26,0.15,Oil,3,",PLTD_Semaras,26,0.15,Oil,3,",,,
PLTU_PT._Indocement_Tunggal_Perkasa,33,55,Coal,0.13,",PLTU_PT._Indocement_Tunggal_Perkasa,33,55,Coal,0.13,",,,
PLTU_PT._Smart_Tarjun_Refinery,33,3.2,Coal,0.13,",PLTU_PT._Smart_Tarjun_Refinery,33,3.2,Coal,0.13,",,,
PLTD_Long_Beluah,63,0.5,Oil,3,",PLTD_Long_Beluah,63,0.5,Oil,3,",,,
PLTD_Tanjung_Isuy,40,1.88,Oil,3,",PLTD_Tanjung_Isuy,40,1.88,Oil,3,",,,
PLTD_Sei_Durian,35,1.09,Oil,3,",PLTD_Sei_Durian,35,1.09,Oil,3,",,,
PLTD_Kerumputan,25,0.46,Oil,3,",PLTD_Kerumputan,25,0.46,Oil,3,",,,
PLTD_Tanah_Grogot,41,3.19,Oil,3,",PLTD_Tanah_Grogot,41,3.19,Oil,3,",,,
PLTD_Sampanahan,35,1.77,Oil,3,",PLTD_Sampanahan,35,1.77,Oil,3,",,,
PLTD_Bakau,35,0.46,Oil,3,",PLTD_Bakau,35,0.46,Oil,3,",,,
PLTD_Kerasian,25,0.33,Oil,3,",PLTD_Kerasian,25,0.33,Oil,3,",,,
PLTD_Geronggang,35,1.85,Oil,3,",PLTD_Geronggang,35,1.85,Oil,3,",,,
PLTD_Kerayaan,25,0.61,Oil,3,",PLTD_Kerayaan,25,0.61,Oil,3,",,,
PLTD_Kotabaru,22,15.47,Oil,3,",PLTD_Kotabaru,22,15.47,Oil,3,",,,
PLTD_Sewa_Kaltimex_Kotabaru,22,5.1,Oil,3,",PLTD_Sewa_Kaltimex_Kotabaru,22,5.1,Oil,3,",,,
PLTD_Tanjung_Batu,22,1,Oil,3,",PLTD_Tanjung_Batu,22,1,Oil,3,",,,
PLTD_Penyinggahan,41,0.56,Oil,3,",PLTD_Penyinggahan,41,0.56,Oil,3,",,,
PLTD_Mara,63,0.5,Oil,3,",PLTD_Mara,63,0.5,Oil,3,",,,
PLTD_Jantur,51,0.724,Oil,3,",PLTD_Jantur,51,0.724,Oil,3,",,,
PLTD_Gn._Batu_Besar,22,0.51,Oil,3,",PLTD_Gn._Batu_Besar,22,0.51,Oil,3,",,,
PLTD_Muara_Kedang,41,0.42,Oil,3,",PLTD_Muara_Kedang,41,0.42,Oil,3,",,,
PLTD_Tanjung_Seloka,25,1.75,Oil,3,",PLTD_Tanjung_Seloka,25,1.75,Oil,3,",,,
PLTD_Mulyaharja,22,0.43,Oil,3,",PLTD_Mulyaharja,22,0.43,Oil,3,",,,
PLTD_Muara_Aloh,42,0.16,Oil,3,",PLTD_Muara_Aloh,42,0.16,Oil,3,",,,
PLTD_Gemar_Baru,59,0.48,Oil,3,",PLTD_Gemar_Baru,59,0.48,Oil,3,",,,
PLTD_Gemar_Baru_Pemkab,59,0.2,Oil,3,",PLTD_Gemar_Baru_Pemkab,59,0.2,Oil,3,",,,
PLTD_Sei_Bali,25,1.67,Oil,3,",PLTD_Sei_Bali,25,1.67,Oil,3,",,,
PLTD_Tanjung_Samalantakan,35,0.49,Oil,3,",PLTD_Tanjung_Samalantakan,35,0.49,Oil,3,",,,
PLTD_Semayang,42,0.18,Oil,3,",PLTD_Semayang,42,0.18,Oil,3,",,,
PLTD_Muara_Muntai,42,1.5,Oil,3,",PLTD_Muara_Muntai,42,1.5,Oil,3,",,,
PLTD_Lumbis_Ogong,61,0.5,Oil,3,",PLTD_Lumbis_Ogong,61,0.5,Oil,3,",,,
PLTS_Lumbis_Ogong_ESDM,61,0.1,Solar,0.37,",PLTS_Lumbis_Ogong_ESDM,61,0.1,Solar,0.37,",,,
PLTD_Tanjung_Aru,42,0.4,Oil,3,",PLTD_Tanjung_Aru,42,0.4,Oil,3,",,,
PLTD_Malinau,60,10.64,Oil,3,",PLTD_Malinau,60,10.64,Oil,3,",,,
PLTD_Malinau_Pemkab,60,7.672,Oil,3,",PLTD_Malinau_Pemkab,60,7.672,Oil,3,",,,
PLTD_Malinau_Kaltimex,60,2,Oil,3,",PLTD_Malinau_Kaltimex,60,2,Oil,3,",,,
PLTD_Senyiur,53,0.48,Oil,3,",PLTD_Senyiur,53,0.48,Oil,3,",,,
PLTD_Senyiur_Pemkab,53,0.4,Oil,3,",PLTD_Senyiur_Pemkab,53,0.4,Oil,3,",,,
PLTD_Muara_Siran,53,0.18,Oil,3,",PLTD_Muara_Siran,53,0.18,Oil,3,",,,
PLTD_Petung,53,5.812,Oil,3,",PLTD_Petung,53,5.812,Oil,3,",,,
PLTD_Muara_Bengkal,59,4.548,Oil,3,",PLTD_Muara_Bengkal,59,4.548,Oil,3,",,,
PLTD_Jenebora/Gresik,43,0.76,Oil,3,",PLTD_Jenebora/Gresik,43,0.76,Oil,3,",,,
PLTD_Long_Peso,60,0.443,Oil,3,",PLTD_Long_Peso,60,0.443,Oil,3,",,,
PLTU_Teluk_Balikpapan_#01,43,110,Coal,0.13,",PLTU_Teluk_Balikpapan_#01,43,110,Coal,0.13,",,,
PLTU_Teluk_Balikpapan_#02,43,110,Coal,0.13,",PLTU_Teluk_Balikpapan_#02,43,110,Coal,0.13,",,,
PLTU_Kariangau_(PT._Kariangau_Power)_#01,44,15,Coal,0.13,",PLTU_Kariangau_(PT._Kariangau_Power)_#01,44,15,Coal,0.13,",,,
PLTU_Kariangau_(PT._Kariangau_Power)_#02,44,15,Coal,0.13,",PLTU_Kariangau_(PT._Kariangau_Power)_#02,44,15,Coal,0.13,",,,
PLTD_Sedulang,44,0.44,Oil,3,",PLTD_Sedulang,44,0.44,Oil,3,",,,
PLTD_Long_Segar,44,0.44,Oil,3,",PLTD_Long_Segar,44,0.44,Oil,3,",,,
PLTD_Batu_Ampar,47,0.4,Oil,3,",PLTD_Batu_Ampar,47,0.4,Oil,3,",,,
PLTU_PT._Kalimantan_Powerindo,44,15,Coal,0.13,",PLTU_PT._Kalimantan_Powerindo,44,15,Coal,0.13,",,,
PLTD_Gunung_Malang,47,20.08,Oil,3,",PLTD_Gunung_Malang,47,20.08,Oil,3,",,,
PLTD_Muara_Wahau,47,6.894,Oil,3,",PLTD_Muara_Wahau,47,6.894,Oil,3,",,,
PLTD_Muara_Wahau_Altrak,47,3,Oil,3,",PLTD_Muara_Wahau_Altrak,47,3,Oil,3,",,,
PLTD_CDE_Karang_Joang_(MFO),45,30,Oil,3,",PLTD_CDE_Karang_Joang_(MFO),45,30,Oil,3,",,,
PLTD_KTT_Pemkab,61,3.68,Oil,3,",PLTD_KTT_Pemkab,61,3.68,Oil,3,",,,
PLTD_KTT,61,3.81,Oil,3,",PLTD_KTT,61,3.81,Oil,3,",,,
PLTD_Batakan_Unit,46,12.16,Oil,3,",PLTD_Batakan_Unit,46,12.16,Oil,3,",,,
PLTD_Cogindo_(MFO),46,40,Oil,3,",PLTD_Cogindo_(MFO),46,40,Oil,3,",,,
PLTD_Tulin_Onsoi,61,1,Oil,3,",PLTD_Tulin_Onsoi,61,1,Oil,3,",,,
PLTS_Tulin_Onsoi_ESDM,61,0.1,Solar,0.37,",PLTS_Tulin_Onsoi_ESDM,61,0.1,Solar,0.37,",,,
PLTD_Sebuku,61,0.695,Oil,3,",PLTD_Sebuku,61,0.695,Oil,3,",,,
PLTS_Sebuku_ESDM,61,0.1,Solar,0.37,",PLTS_Sebuku_ESDM,61,0.1,Solar,0.37,",,,
PLTU_Rimba_Raya,52,7.5,Coal,0.13,",PLTU_Rimba_Raya,52,7.5,Coal,0.13,",,,
PLTD_Atap,61,0.3,Oil,3,",PLTD_Atap,61,0.3,Oil,3,",,,
PLTGU_Tanjung_Batu_#01,52,20,Oil,3,",PLTGU_Tanjung_Batu_#01,52,20,Oil,3,",,,
PLTGU_Tanjung_Batu_#02,52,20,Oil,3,",PLTGU_Tanjung_Batu_#02,52,20,Oil,3,",,,
PLTGU_Tanjung_Batu_#03,52,20,Oil,3,",PLTGU_Tanjung_Batu_#03,52,20,Oil,3,",,,
PLTG_Peaking_#01,51,70,Oil,3,",PLTG_Peaking_#01,51,70,Oil,3,",,,
PLTG_Peaking_#02,51,70,Oil,3,",PLTG_Peaking_#02,51,70,Oil,3,",,,
PLTU_Embalut_(PT._Cahaya_Fajar_Kaltim)_#01,51,25,Coal,0.13,",PLTU_Embalut_(PT._Cahaya_Fajar_Kaltim)_#01,51,25,Coal,0.13,",,,
PLTU_Embalut_(PT._Cahaya_Fajar_Kaltim)_#02,51,25,Coal,0.13,",PLTU_Embalut_(PT._Cahaya_Fajar_Kaltim)_#02,51,25,Coal,0.13,",,,
PLTU_Embalut_Ekspansi_(PT._Cahaya_Fajar_Kaltim),51,50,Coal,0.13,",PLTU_Embalut_Ekspansi_(PT._Cahaya_Fajar_Kaltim),51,50,Coal,0.13,",,,
PLTU_Kaltim_4_(Ekspansi-2_Embalut)_#01,51,115,Coal,0.13,",PLTU_Kaltim_4_(Ekspansi-2_Embalut)_#01,51,115,Coal,0.13,",,,
PLTU_Kaltim_4_(Ekspansi-2_Embalut)_#02,51,115,Coal,0.13,",PLTU_Kaltim_4_(Ekspansi-2_Embalut)_#02,51,115,Coal,0.13,",,,
PLTD_Sekatak_Pemkab,61,0.426,Oil,3,",PLTD_Sekatak_Pemkab,61,0.426,Oil,3,",,,
PLTD_Sekatak,61,0.6,Oil,3,",PLTD_Sekatak,61,0.6,Oil,3,",,,
PLTU_Senoni_#01,49,7.5,Coal,0.13,",PLTU_Senoni_#01,49,7.5,Coal,0.13,",,,
PLTU_Senoni_#02,49,7.5,Coal,0.13,",PLTU_Senoni_#02,49,7.5,Coal,0.13,",,,
PLTD_Karang_Asam,50,40,Oil,3,",PLTD_Karang_Asam,50,40,Oil,3,",,,
PLTD_Gunung_Sari,62,0.57,Oil,3,",PLTD_Gunung_Sari,62,0.57,Oil,3,",,,
PLTBm_Gunung_Sari_HHM,62,0.2,Biomass,3,",PLTBm_Gunung_Sari_HHM,62,0.2,Biomass,3,",,,
PLTD_Kledang,50,40.03,Oil,3,",PLTD_Kledang,50,40.03,Oil,3,",,,
PLTG_Senipah_#01,48,46,Gas,0.13,",PLTG_Senipah_#01,48,46,Gas,0.13,",,,
PLTG_Senipah_#02,48,46,Gas,0.13,",PLTG_Senipah_#02,48,46,Gas,0.13,",,,
PLTGU_Senipah_(ST),48,29.55,Gas,0.13,",PLTGU_Senipah_(ST),48,29.55,Gas,0.13,",,,
PLTU_Mangkujenang,54,4,Coal,0.13,",PLTU_Mangkujenang,54,4,Coal,0.13,",,,
PLTU_MT_Kaltim_(Muara_Jawa)_#01,55,33,Coal,0.13,",PLTU_MT_Kaltim_(Muara_Jawa)_#01,55,33,Coal,0.13,",,,
PLTU_MT_Kaltim_(Muara_Jawa)_#02,55,33,Coal,0.13,",PLTU_MT_Kaltim_(Muara_Jawa)_#02,55,33,Coal,0.13,",,,
PLTD_Merasa,56,0.28,Oil,3,",PLTD_Merasa,56,0.28,Oil,3,",,,
PLTG_Sambera_#01,57,20,Oil,3,",PLTG_Sambera_#01,57,20,Oil,3,",,,
PLTG_Sambera_#02,57,20,Oil,3,",PLTG_Sambera_#02,57,20,Oil,3,",,,
PLTD_Seimenggaris,61,0.6,Oil,3,",PLTD_Seimenggaris,61,0.6,Oil,3,",,,
PLTS_Seimenggaris_ESDM,61,0.1,Solar,0.37,",PLTS_Seimenggaris_ESDM,61,0.1,Solar,0.37,",,,
PLTMG_Tanjung_Selor_Unit_2,63,8.912,Gas,0.13,",PLTMG_Tanjung_Selor_Unit_2,63,8.912,Gas,0.13,",,,
PLTMG_Tanjung_Selor_Unit_1,63,8.912,Gas,0.13,",PLTMG_Tanjung_Selor_Unit_1,63,8.912,Gas,0.13,",,,
PLTD_Selor,63,19.384,Oil,3,",PLTD_Selor,63,19.384,Oil,3,",,,
PLTD_Selor_Sewatama,63,2,Oil,3,",PLTD_Selor_Sewatama,63,2,Oil,3,",,,
PLTD_Selor_Makro,63,7.3,Oil,3,",PLTD_Selor_Makro,63,7.3,Oil,3,",,,
PLTU_Tanjung_Redep_/_Berau_#02,58,9.13,Coal,0.13,",PLTU_Tanjung_Redep_/_Berau_#02,58,9.13,Coal,0.13,",,,
PLTU_Tanjung_Redep_/_Berau_#01,58,9.5,Coal,0.13,",PLTU_Tanjung_Redep_/_Berau_#01,58,9.5,Coal,0.13,",,,
PLTMG_Belimbing,58,8,Gas,0.13,",PLTMG_Belimbing,58,8,Gas,0.13,",,,
PLTMG_Bontang_Wartsila_#01,58,6.97,Gas,0.13,",PLTMG_Bontang_Wartsila_#01,58,6.97,Gas,0.13,",,,
PLTMG_MPP_Kaltim_#03,58,9.78,Gas,0.13,",PLTMG_MPP_Kaltim_#03,58,9.78,Gas,0.13,",,,
PLTMG_MPP_Kaltim_#04,58,9.78,Gas,0.13,",PLTMG_MPP_Kaltim_#04,58,9.78,Gas,0.13,",,,
PLTMG_MPP_Kaltim_#01,58,9.78,Gas,0.13,",PLTMG_MPP_Kaltim_#01,58,9.78,Gas,0.13,",,,
PLTMG_MPP_Kaltim_#02,58,9.78,Gas,0.13,",PLTMG_MPP_Kaltim_#02,58,9.78,Gas,0.13,",,,
PLTMG_Bontang_Wartsila_#02,58,6.97,Gas,0.13,",PLTMG_Bontang_Wartsila_#02,58,6.97,Gas,0.13,",,,
PLTD_Bontang,58,27.59,Oil,3,",PLTD_Bontang,58,27.59,Oil,3,",,,
PLTU_Kaltim_(FTP2)_Unit_1,58,100,Coal,0.13,",PLTU_Kaltim_(FTP2)_Unit_1,58,100,Coal,0.13,",,,
PLTU_Kaltim_(FTP2)_Unit_2,58,125,Coal,0.13,",PLTU_Kaltim_(FTP2)_Unit_2,58,125,Coal,0.13,",,,
PLTU_PT._Kaltim_Daya_Mandiri,58,34,Coal,0.13,",PLTU_PT._Kaltim_Daya_Mandiri,58,34,Coal,0.13,",,,
PLTD_Sambaliung,59,15.918,Oil,3,",PLTD_Sambaliung,59,15.918,Oil,3,",,,
PLTD_Samabliung_Kaltimex,59,3,Oil,3,",PLTD_Samabliung_Kaltimex,59,3,Oil,3,",,,
PLTU_PT._Sumber_Alam_Sekurau_(SAS),63,7.5,Coal,0.13,",PLTU_PT._Sumber_Alam_Sekurau_(SAS),63,7.5,Coal,0.13,",,,
PLTD_Tanah_Merah,61,0.43,Oil,3,",PLTD_Tanah_Merah,61,0.43,Oil,3,",,,
PLTD_Sepaso,58,4.49,Oil,3,",PLTD_Sepaso,58,4.49,Oil,3,",,,
PLTD_Sepaso_Pemkab,58,0.92,Oil,3,",PLTD_Sepaso_Pemkab,58,0.92,Oil,3,",,,
PLTD_Muara_Pantuan,56,0.36,Oil,3,",PLTD_Muara_Pantuan,56,0.36,Oil,3,",,,
PLTS_Kayan_Hulu_ESDM,60,0.1,Solar,0.37,",PLTS_Kayan_Hulu_ESDM,60,0.1,Solar,0.37,",,,
PLTD_Tarakan,60,15.264,Oil,3,",PLTD_Tarakan,60,15.264,Oil,3,",,,
PLTD_Sewa_Tarakan,60,17,Oil,3,",PLTD_Sewa_Tarakan,60,17,Oil,3,",,,
PLTMG_Gunung_Belah_#01,60,6,Gas,0.13,",PLTMG_Gunung_Belah_#01,60,6,Gas,0.13,",,,
PLTMG_Gunung_Belah_#02,60,6,Gas,0.13,",PLTMG_Gunung_Belah_#02,60,6,Gas,0.13,",,,
PLTG_PLN_Tarakan_#01,60,15.7,Gas,0.13,",PLTG_PLN_Tarakan_#01,60,15.7,Gas,0.13,",,,
PLTMG_PLN_Tarakan,60,30,Gas,0.13,",PLTMG_PLN_Tarakan,60,30,Gas,0.13,",,,
PLTG_PLN_Tarakan_#02,60,23.6,Gas,0.13,",PLTG_PLN_Tarakan_#02,60,23.6,Gas,0.13,",,,
PLTU_PT._Idec_Abadi_Wood_Industries_(AWI),60,7,Coal,0.13,",PLTU_PT._Idec_Abadi_Wood_Industries_(AWI),60,7,Coal,0.13,",,,
PLTU_Lati_(PT._Indo_Pusaka_Berau),59,21,Coal,0.13,",PLTU_Lati_(PT._Indo_Pusaka_Berau),59,21,Coal,0.13,",,,
PLTU_Sangatta_(PT._Kaltim_Prima_Coal)_Ex_Sektor_Mahakam,59,18,Coal,0.13,",PLTU_Sangatta_(PT._Kaltim_Prima_Coal)_Ex_Sektor_Mahakam,59,18,Coal,0.13,",,,
PLTD_Nunukan,61,11.198,Oil,3,",PLTD_Nunukan,61,11.198,Oil,3,",,,
PLTD_Nunukan_Pemkab,61,7.02,Oil,3,",PLTD_Nunukan_Pemkab,61,7.02,Oil,3,",,,
PLTD_Karangan,59,1,Oil,3,",PLTD_Karangan,59,1,Oil,3,",,,
PLTBm_Karangan_DL,59,0.35,Biomass,3,",PLTBm_Karangan_DL,59,0.35,Biomass,3,",,,
PLTD_Pengadan,59,0.62,Oil,3,",PLTD_Pengadan,59,0.62,Oil,3,",,,
PLTS_Sebatik_ESDM,61,0.2,Solar,0.37,",PLTS_Sebatik_ESDM,61,0.2,Solar,0.37,",,,
PLTD_Bunyu,60,1,Oil,3,",PLTD_Bunyu,60,1,Oil,3,",,,
PLTD_Tubaan,59,0.455,Oil,3,",PLTD_Tubaan,59,0.455,Oil,3,",,,
PLTD_Sebatik,61,6.712,Oil,3,",PLTD_Sebatik,61,6.712,Oil,3,",,,
PLTS_Sebatik,61,0.34,Solar,0.37,",PLTS_Sebatik,61,0.34,Solar,0.37,",,,
PLTD_Sangkulirang,59,3,Oil,3,",PLTD_Sangkulirang,59,3,Oil,3,",,,
PLTD_Sangkulirang_Pemkab,59,0.8,Oil,3,",PLTD_Sangkulirang_Pemkab,59,0.8,Oil,3,",,,
PLTD_Tanjung_Batu,32,1.43,Oil,3,",PLTD_Tanjung_Batu,32,1.43,Oil,3,",,,
PLTD_Talisayan_Pemkab,59,0.8,Oil,3,",PLTD_Talisayan_Pemkab,59,0.8,Oil,3,",,,
PLTD_Talisayan,59,2.25,Oil,3,",PLTD_Talisayan,59,2.25,Oil,3,",,,
PLTD_Talisayan_PT_IPB,59,1,Oil,3,",PLTD_Talisayan_PT_IPB,59,1,Oil,3,",,,
PLTBm_Talisayan_DL,59,0.26,Biomass,3,",PLTBm_Talisayan_DL,59,0.26,Biomass,3,",,,
PLTD_Derawan,59,1.27,Oil,3,",PLTD_Derawan,59,1.27,Oil,3,",,,
PLTS_Derawan,59,0.09,Oil,3,",PLTS_Derawan,59,0.09,Oil,3,",,,
PLTD_Batu_Putih,59,0.82,Oil,3,",PLTD_Batu_Putih,59,0.82,Oil,3,",,,
PLTD_Biduk-Biduk,59,1.64,Oil,3,",PLTD_Biduk-Biduk,59,1.64,Oil,3,",,,
