name,bus,p_nom,carrier,efficiency,capital_cost,marginal_cost,build_year,lifetime,control
PLTA_IR._PM_Noor,24,30,Run_of_River,0.33,1.9,0.37,1973,80,PQ
PLTA_SESCO_275,10,90,Run_of_River,0.33,1.9,0.37,2016,80,PQ
PLTBg_Maju_Aneka_Sawit,14,1,Biomass,0.29,2.5,3,2014,30,PQ
PLTBg_Rea_Kaltim,53,2,Biomass,0.29,2.5,3,2011,30,PQ
PLTBg_Suka_Damai,29,2.4,Biomass,0.29,2.5,3,2020,30,PQ
PLTBg_Sukajadi_Sawit_Mekar,14,2.4,Biomass,0.29,2.5,3,2014,30,PQ
PLTBg_Unggul_Lestari,14,1,Biomass,0.29,2.5,3,2014,30,PQ
PLTBm_Gunung_Sari_HHM,62,0.2,Biomass,0.29,2.5,3,2010,30,PQ
PLTBm_Karangan_DL,59,0.35,Biomass,0.29,2.5,3,1992,30,PQ
PLTBm_Korintiga_Hutani,13,3,Biomass,0.29,2.5,3,2014,30,PQ
PLTBm_Kotawaringin_Barat,13,10,Biomass,0.29,2.5,3,2018,30,PQ
PLTBm_PT._Rezeki,5,10,Biomass,0.29,2.5,3,2018,30,PQ
PLTBm_PT_Alas_Kusuma,9,3.5,Biomass,0.29,2.5,3,2010,30,PQ
PLTBm_PT_Harjohn_Timber,8,5,Biomass,0.29,2.5,3,2010,30,PQ
PLTBm_Talisayan_DL,59,0.26,Biomass,0.29,2.5,3,2013,30,PQ
PLTD_Air_Hitam,9,1.05,Oil,0.25,1.2,3,2001,25,PQ
PLTD_Air_Upas,9,0.695,Oil,0.25,1.2,3,2010,25,PQ
PLTD_Area_Singkawang,1,0.16,Oil,0.25,1.2,3,2010,25,PQ
PLTD_Asam_Asam,25,8.4,Oil,0.25,1.2,3,2000,25,PQ
PLTD_Atap,61,0.3,Oil,0.25,1.2,3,1983,25,PQ
PLTD_Aur_Kuning,9,2.755,Oil,0.25,1.2,3,1995,25,PQ
PLTD_Babai,21,0.4,Oil,0.25,1.2,3,1993,25,PQ
PLTD_Badau,9,2.085,Oil,0.25,1.2,3,2015,25,PQ
PLTD_Bakau,35,0.46,Oil,0.25,1.2,3,1990,25,PQ
PLTD_Balai_Bekuak,9,3.009,Oil,0.25,1.2,3,1999,25,PQ
PLTD_Balai_Karangan,10,4.69,Oil,0.25,1.2,3,1995,25,PQ
PLTD_Balai_Riam,13,0.54,Oil,0.25,1.2,3,1982,25,PQ
PLTD_Balai_Sepuak,10,0.996,Oil,0.25,1.2,3,1980,25,PQ
PLTD_Barabai,32,6.672,Oil,0.25,1.2,3,1977,25,PQ
PLTD_Batakan_Unit,46,12.16,Oil,0.25,1.2,3,1988,25,PQ
PLTD_Batu_Ampar,47,0.4,Oil,0.25,1.2,3,2010,25,PQ
PLTD_Batu_Ampar_1,11,0.576,Oil,0.25,1.2,3,1998,25,PQ
PLTD_Batu_Putih,59,0.82,Oil,0.25,1.2,3,1995,25,PQ
PLTD_Batu_Sopang,39,8.4,Oil,0.25,1.2,3,2006,25,PQ
PLTD_Belikai,10,0.3,Oil,0.25,1.2,3,2010,25,PQ
PLTD_Belitang,10,3.3,Oil,0.25,1.2,3,1997,25,PQ
PLTD_Benangin,36,0.36,Oil,0.25,1.2,3,1990,25,PQ
PLTD_Bengkayang,11,0.5,Oil,0.25,1.2,3,2003,25,PQ
PLTD_Biduk-Biduk,59,1.64,Oil,0.25,1.2,3,1983,25,PQ
PLTD_Bontang,58,27.59,Oil,0.25,1.2,3,2003,25,PQ
PLTD_Bora,9,1.078,Oil,0.25,1.2,3,1997,25,PQ
PLTD_Bundar,21,0.12,Oil,0.25,1.2,3,1997,25,PQ
PLTD_Buntok,21,4.01,Oil,0.25,1.2,3,2004,25,PQ
PLTD_Bunut,10,0.57,Oil,0.25,1.2,3,1986,25,PQ
PLTD_Bunyu,60,1,Oil,0.25,1.2,3,2000,25,PQ
PLTD_CDE_Karang_Joang_(MFO),45,30,Oil,0.25,1.2,3,2010,25,PQ
PLTD_Cempaka_Putih,10,0.28,Oil,0.25,1.2,3,1996,25,PQ
PLTD_Cogindo_(MFO),46,40,Oil,0.25,1.2,3,2009,25,PQ
PLTD_Damparan,21,0.44,Oil,0.25,1.2,3,1994,25,PQ
PLTD_Datah_Bilang,44,0.54,Oil,0.25,1.2,3,1992,25,PQ
PLTD_Derawan,59,1.27,Oil,0.25,1.2,3,1983,25,PQ
PLTD_Dilang_Putih,44,0.22,Oil,0.25,1.2,3,1994,25,PQ
PLTD_Dusun_Besar,8,1.196,Oil,0.25,1.2,3,1982,25,PQ
PLTD_Embaloh,10,0.601,Oil,0.25,1.2,3,1995,25,PQ
PLTD_Gemar_Baru,59,0.48,Oil,0.25,1.2,3,1996,25,PQ
PLTD_Gemar_Baru_Pemkab,59,0.2,Oil,0.25,1.2,3,1996,25,PQ
PLTD_Geronggang,35,1.85,Oil,0.25,1.2,3,1996,25,PQ
PLTD_Gn._Batu_Besar,22,0.51,Oil,0.25,1.2,3,1993,25,PQ
PLTD_Gunung_Malang,47,20.08,Oil,0.25,1.2,3,1978,25,PQ
PLTD_Gunung_Purei_Unit_123,38,0.38,Oil,0.25,1.2,3,2021,25,PQ
PLTD_Gunung_Sari,62,0.57,Oil,0.25,1.2,3,1994,25,PQ
PLTD_Jantur,51,0.724,Oil,0.25,1.2,3,1994,25,PQ
PLTD_Jasa,10,0.306,Oil,0.25,1.2,3,2015,25,PQ
PLTD_Jenebora/Gresik,43,0.76,Oil,0.25,1.2,3,2000,25,PQ
PLTD_Jongkong,10,1.39,Oil,0.25,1.2,3,1987,25,PQ
PLTD_Kahayan/Area_Palangka_Raya,17,17.45,Oil,0.25,1.2,3,1986,25,PQ
PLTD_Kalan,9,0.17,Oil,0.25,1.2,3,1998,25,PQ
PLTD_Kandui,36,1.13,Oil,0.25,1.2,3,1984,25,PQ
PLTD_Kantuk,10,0.14,Oil,0.25,1.2,3,1987,25,PQ
PLTD_Karang_Asam,50,40,Oil,0.25,1.2,3,1978,25,PQ
PLTD_Karangan,59,1,Oil,0.25,1.2,3,1992,25,PQ
PLTD_Kartamulia_Sukamara_Mitsubishi_Unit_78,13,2.66,Oil,0.25,1.2,3,2021,25,PQ
PLTD_Kayan,9,0.337,Oil,0.25,1.2,3,1993,25,PQ
PLTD_Kayan_Hulu,63,1.275,Oil,0.25,1.2,3,2010,25,PQ
PLTD_Kelumpang,53,0.12,Oil,0.25,1.2,3,1994,25,PQ
PLTD_Kemangai,10,0.216,Oil,0.25,1.2,3,1988,25,PQ
PLTD_Kenambui,13,0.12,Oil,0.25,1.2,3,1994,25,PQ
PLTD_Kendawangan_Kanan,9,0.823,Oil,0.25,1.2,3,1996,25,PQ
PLTD_Kerang,40,0.96,Oil,0.25,1.2,3,1982,25,PQ
PLTD_Kerasian,25,0.33,Oil,0.25,1.2,3,2004,25,PQ
PLTD_Kerayaan,25,0.61,Oil,0.25,1.2,3,2017,25,PQ
PLTD_Kerumputan,25,0.46,Oil,0.25,1.2,3,2017,25,PQ
PLTD_Ketungau,10,0.213,Oil,0.25,1.2,3,1993,25,PQ
PLTD_Kledang,50,40.03,Oil,0.25,1.2,3,1987,25,PQ
PLTD_Kota_Baru,9,0.331,Oil,0.25,1.2,3,1997,25,PQ
PLTD_Kotabaru,22,15.47,Oil,0.25,1.2,3,1980,25,PQ
PLTD_Krayan,61,0.8,Oil,0.25,1.2,3,2015,25,PQ
PLTD_KTT,61,3.81,Oil,0.25,1.2,3,2009,25,PQ
PLTD_KTT_Pemkab,61,3.68,Oil,0.25,1.2,3,2009,25,PQ
PLTD_Kuala_Buayan,9,1.574,Oil,0.25,1.2,3,1993,25,PQ
PLTD_Kuala_Jelai,13,0.92,Oil,0.25,1.2,3,1983,25,PQ
PLTD_Kuala_Kapuas,21,6,Oil,0.25,1.2,3,1992,25,PQ
PLTD_Kuala_Kurun_#01_(MWM),16,0.22,Oil,0.25,1.2,3,1999,25,PQ
PLTD_Kuala_Kurun_#02_(DEUTZ_MWM),16,0.528,Oil,0.25,1.2,3,2004,25,PQ
PLTD_Kuala_Kurun_#03_MITSUBISHI),16,1.33,Oil,0.25,1.2,3,2018,25,PQ
PLTD_Kuala_Kurun_#04_MITSUBISHI),16,1.33,Oil,0.25,1.2,3,2018,25,PQ
PLTD_Kuala_Kurun_#05_MITSUBISHI),16,1.33,Oil,0.25,1.2,3,2018,25,PQ
PLTD_Kuala_Kurun_Unit_2-3,16,2.66,Oil,0.25,1.2,3,2021,25,PQ
PLTD_Kuala_Kurun_Unit_4,16,1.33,Oil,0.25,1.2,3,2021,25,PQ
PLTD_Kuala_Pembuang_#01_(MWM),14,0.22,Oil,0.25,1.2,3,1991,25,PQ
PLTD_Kuala_Pembuang_#02_(DEUTZ_MWM),14,0.528,Oil,0.25,1.2,3,2005,25,PQ
PLTD_Kuala_Pembuang_#03_(DEUTZ_MWM),14,0.528,Oil,0.25,1.2,3,2008,25,PQ
PLTD_Kuala_Pembuang_#04_(DEUTZ_MWM),14,0.528,Oil,0.25,1.2,3,2008,25,PQ
PLTD_Kuala_Pembuang_#05_(MITSUBISHI),14,1.33,Oil,0.25,1.2,3,2018,25,PQ
PLTD_Kuala_Pembuang_#06_(MITSUBISIH),14,1.33,Oil,0.25,1.2,3,2018,25,PQ
PLTD_Kuala_Pembuang_#07_(MITSUBISHI),14,1.33,Oil,0.25,1.2,3,2018,25,PQ
PLTD_Kuala_Pembuang_#08_(MITSUBISHI),14,1.33,Oil,0.25,1.2,3,2018,25,PQ
PLTD_Kuala_Pembuang_Unit_7,14,1.33,Oil,0.25,1.2,3,2020,25,PQ
PLTD_Kuala_Pembuang_Unit_9,14,1,Oil,0.25,1.2,3,2021,25,PQ
PLTD_Kudangan,13,0.29,Oil,0.25,1.2,3,1994,25,PQ
PLTD_Kumai,13,11,Oil,0.25,1.2,3,2004,25,PQ
PLTD_Lanjak,10,0.66,Oil,0.25,1.2,3,2005,25,PQ
PLTD_Lemukutan,4,0.412,Oil,0.25,1.2,3,2001,25,PQ
PLTD_Long_Apari,39,0.64,Oil,0.25,1.2,3,2015,25,PQ
PLTD_Long_Bagun,44,0.3,Oil,0.25,1.2,3,1997,25,PQ
PLTD_Long_Bagun_Pemkab,44,0.52,Oil,0.25,1.2,3,2015,25,PQ
PLTD_Long_Beluah,63,0.5,Oil,0.25,1.2,3,1994,25,PQ
PLTD_Long_Iram,45,1.44,Oil,0.25,1.2,3,2001,25,PQ
PLTD_Long_Iram_Pemkab,45,0.5,Oil,0.25,1.2,3,2001,25,PQ
PLTD_Long_Pahangai,39,0.6,Oil,0.25,1.2,3,2015,25,PQ
PLTD_Long_Peso,60,0.443,Oil,0.25,1.2,3,1992,25,PQ
PLTD_Long_Segar,44,0.44,Oil,0.25,1.2,3,1998,25,PQ
PLTD_Lontar,26,2.62,Oil,0.25,1.2,3,1991,25,PQ
PLTD_Lumbis_Ogong,61,0.5,Oil,0.25,1.2,3,2016,25,PQ
PLTD_Luwe_Hulu,37,0.48,Oil,0.25,1.2,3,1987,25,PQ
PLTD_Maburai,35,1.88,Oil,0.25,1.2,3,1996,25,PQ
PLTD_Malinau,60,10.64,Oil,0.25,1.2,3,1996,25,PQ
PLTD_Malinau_Kaltimex,60,2,Oil,0.25,1.2,3,1996,25,PQ
PLTD_Malinau_Pemkab,60,7.672,Oil,0.25,1.2,3,1996,25,PQ
PLTD_Mangkatip,21,0.44,Oil,0.25,1.2,3,1984,25,PQ
PLTD_Manis_Mata,10,0.232,Oil,0.25,1.2,3,1997,25,PQ
PLTD_Manukung,9,0.232,Oil,0.25,1.2,3,1998,25,PQ
PLTD_Mara,63,0.5,Oil,0.25,1.2,3,1993,25,PQ
PLTD_Marabatuan,26,0.3,Oil,0.25,1.2,3,1993,25,PQ
PLTD_Marau,9,0.246,Oil,0.25,1.2,3,1990,25,PQ
PLTD_Melak,53,24.61,Oil,0.25,1.2,3,2001,25,PQ
PLTD_Melak_Kaltimex,53,6,Oil,0.25,1.2,3,2001,25,PQ
PLTD_Melak_Pemkab,53,5.2,Oil,0.25,1.2,3,2001,25,PQ
PLTD_Melak_Sewatama,53,4,Oil,0.25,1.2,3,2001,25,PQ
PLTD_Mendawai,17,1.352,Oil,0.25,1.2,3,1994,25,PQ
PLTD_Mentobi_Raya,13,1.7,Oil,0.25,1.2,3,2005,25,PQ
PLTD_Menyurai,10,12.21,Oil,0.25,1.2,3,1986,25,PQ
PLTD_Merasa,56,0.28,Oil,0.25,1.2,3,1994,25,PQ
PLTD_Merawan_Lama,21,0.28,Oil,0.25,1.2,3,1993,25,PQ
PLTD_Montalat,21,0.26,Oil,0.25,1.2,3,1996,25,PQ
PLTD_Muara_Aloh,42,0.16,Oil,0.25,1.2,3,1981,25,PQ
PLTD_Muara_Bengkal,59,4.548,Oil,0.25,1.2,3,1997,25,PQ
PLTD_Muara_Kedang,41,0.42,Oil,0.25,1.2,3,1991,25,PQ
PLTD_Muara_Komam,39,2.79,Oil,0.25,1.2,3,1982,25,PQ
PLTD_Muara_Laung,21,2.07,Oil,0.25,1.2,3,1987,25,PQ
PLTD_Muara_Muntai,42,1.5,Oil,0.25,1.2,3,1994,25,PQ
PLTD_Muara_Pahu,53,0.8,Oil,0.25,1.2,3,1992,25,PQ
PLTD_Muara_Pantuan,56,0.36,Oil,0.25,1.2,3,1998,25,PQ
PLTD_Muara_Plantau,36,0.18,Oil,0.25,1.2,3,1994,25,PQ
PLTD_Muara_Siran,53,0.18,Oil,0.25,1.2,3,1994,25,PQ
PLTD_Muara_Teweh,37,8.81,Oil,0.25,1.2,3,2004,25,PQ
PLTD_Muara_Wahau,47,6.894,Oil,0.25,1.2,3,1995,25,PQ
PLTD_Muara_Wahau_Altrak,47,3,Oil,0.25,1.2,3,1995,25,PQ
PLTD_Mulyaharja,22,0.43,Oil,0.25,1.2,3,1996,25,PQ
PLTD_Nanga_Ella,9,1.445,Oil,0.25,1.2,3,2005,25,PQ
PLTD_Nanga_Erak,10,0.57,Oil,0.25,1.2,3,1990,25,PQ
PLTD_Nanga_Lebang,10,0.218,Oil,0.25,1.2,3,1987,25,PQ
PLTD_Nanga_Merakai,10,0.6,Oil,0.25,1.2,3,2011,25,PQ
PLTD_Nanga_Sayan,9,1.029,Oil,0.25,1.2,3,1993,25,PQ
PLTD_Nanga_Silat,9,0.748,Oil,0.25,1.2,3,1979,25,PQ
PLTD_Nanga_Tayap,9,0.75,Oil,0.25,1.2,3,2010,25,PQ
PLTD_Ngabang,11,1.72,Oil,0.25,1.2,3,2010,25,PQ
PLTD_Nibung,10,0.08,Oil,0.25,1.2,3,1996,25,PQ
PLTD_Nunukan,61,11.198,Oil,0.25,1.2,3,1977,25,PQ
PLTD_Nunukan_Pemkab,61,7.02,Oil,0.25,1.2,3,1977,25,PQ
PLTD_Padang_Tikar,5,3.375,Oil,0.25,1.2,3,2010,25,PQ
PLTD_Pagatan,17,5,Oil,0.25,1.2,3,1983,25,PQ
PLTD_Panangkalaan,34,8.534,Oil,0.25,1.2,3,1986,25,PQ
PLTD_Pangkalan_Bun,13,7.12,Oil,0.25,1.2,3,1983,25,PQ
PLTD_Pangkut,13,0.8,Oil,0.25,1.2,3,1987,25,PQ
PLTD_Pendang,21,0.3,Oil,0.25,1.2,3,1988,25,PQ
PLTD_Pengadan,59,0.62,Oil,0.25,1.2,3,2016,25,PQ
PLTD_Penyinggahan,41,0.56,Oil,0.25,1.2,3,1992,25,PQ
PLTD_Petung,53,5.812,Oil,0.25,1.2,3,1984,25,PQ
PLTD_Piasak,10,0.222,Oil,0.25,1.2,3,1996,25,PQ
PLTD_Pujon,19,0.981,Oil,0.25,1.2,3,1991,25,PQ
PLTD_Pulau_Limbung,9,0.44,Oil,0.25,1.2,3,1997,25,PQ
PLTD_Pulau_Majang,9,0.156,Oil,0.25,1.2,3,1999,25,PQ
PLTD_Puruk_Cahu,21,2.19,Oil,0.25,1.2,3,2000,25,PQ
PLTD_Rangga_Ilung,21,0.5,Oil,0.25,1.2,3,1982,25,PQ
PLTD_Rantau_Pulut,14,0.96,Oil,0.25,1.2,3,1986,25,PQ
PLTD_Rayon_Nanga_Bulik,13,10.848,Oil,0.25,1.2,3,1998,25,PQ
PLTD_Rayon_Sampit,17,3.88,Oil,0.25,1.2,3,1982,25,PQ
PLTD_Sabuh,37,0.22,Oil,0.25,1.2,3,1996,25,PQ
PLTD_Samabliung_Kaltimex,59,3,Oil,0.25,1.2,3,1996,25,PQ
PLTD_Sambaliung,59,15.918,Oil,0.25,1.2,3,1996,25,PQ
PLTD_Sambas,0,4.095,Oil,0.25,1.2,3,1977,25,PQ
PLTD_Sampanahan,35,1.77,Oil,0.25,1.2,3,1985,25,PQ
PLTD_Sampurna,9,0.236,Oil,0.25,1.2,3,1999,25,PQ
PLTD_Sandai,9,1.438,Oil,0.25,1.2,3,2001,25,PQ
PLTD_Sangkulirang,59,3,Oil,0.25,1.2,3,1996,25,PQ
PLTD_Sangkulirang_Pemkab,59,0.8,Oil,0.25,1.2,3,2015,25,PQ
PLTD_Sawai,10,12.485,Oil,0.25,1.2,3,2010,25,PQ
PLTD_Sebangau,17,0.44,Oil,0.25,1.2,3,1993,25,PQ
PLTD_Sebatik,61,6.712,Oil,0.25,1.2,3,1983,25,PQ
PLTD_Seberuang,9,0.162,Oil,0.25,1.2,3,1993,25,PQ
PLTD_Sebuku,61,0.695,Oil,0.25,1.2,3,2016,25,PQ
PLTD_Sedulang,44,0.44,Oil,0.25,1.2,3,1981,25,PQ
PLTD_Sei_Bali,25,1.67,Oil,0.25,1.2,3,1990,25,PQ
PLTD_Sei_Durian,35,1.09,Oil,0.25,1.2,3,1990,25,PQ
PLTD_Sei_Raya,6,50.4,Oil,0.25,1.2,3,1987,25,PQ
PLTD_Sei_Wie,1,18.4,Oil,0.25,1.2,3,1986,25,PQ
PLTD_Seimenggaris,61,0.6,Oil,0.25,1.2,3,2015,25,PQ
PLTD_Sekadau,9,2.345,Oil,0.25,1.2,3,1997,25,PQ
PLTD_Sekatak,61,0.6,Oil,0.25,1.2,3,1987,25,PQ
PLTD_Sekatak_Pemkab,61,0.426,Oil,0.25,1.2,3,1987,25,PQ
PLTD_Selor,63,19.384,Oil,0.25,1.2,3,1977,25,PQ
PLTD_Selor_Makro,63,7.3,Oil,0.25,1.2,3,1977,25,PQ
PLTD_Selor_Sewatama,63,2,Oil,0.25,1.2,3,1977,25,PQ
PLTD_Semaras,26,0.15,Oil,0.25,1.2,3,1993,25,PQ
PLTD_Semayang,42,0.18,Oil,0.25,1.2,3,1995,25,PQ
PLTD_Semboja,10,6,Oil,0.25,1.2,3,1996,25,PQ
PLTD_Semitau,9,4.748,Oil,0.25,1.2,3,2003,25,PQ
PLTD_Senaning,10,0.488,Oil,0.25,1.2,3,1987,25,PQ
PLTD_Sengayam,27,1.78,Oil,0.25,1.2,3,1998,25,PQ
PLTD_Sentawar,53,24.61,Oil,0.25,1.2,3,2008,25,PQ
PLTD_Senyiur,53,0.48,Oil,0.25,1.2,3,2002,25,PQ
PLTD_Senyiur_Pemkab,53,0.4,Oil,0.25,1.2,3,2002,25,PQ
PLTD_Sepaso,58,4.49,Oil,0.25,1.2,3,2000,25,PQ
PLTD_Sepaso_Pemkab,58,0.92,Oil,0.25,1.2,3,2015,25,PQ
PLTD_Sepuk_Laut,5,0.5,Oil,0.25,1.2,3,2014,25,PQ
PLTD_Serawai,9,1.896,Oil,0.25,1.2,3,1988,25,PQ
PLTD_Sewa_Kaltimex_Kotabaru,22,5.1,Oil,0.25,1.2,3,2015,25,PQ
PLTD_Sewa_Kaltimex_Pangkalan_Bun,13,14,Oil,0.25,1.2,3,2012,25,PQ
PLTD_Sewa_Kaltimex_Sampit,17,8,Oil,0.25,1.2,3,2012,25,PQ
PLTD_Sewa_PGL_Pangkalan_Bun,13,4,Oil,0.25,1.2,3,2012,25,PQ
PLTD_Sewa_Sentawar_Pemkab_Kubar,53,5.2,Oil,0.25,1.2,3,2016,25,PQ
PLTD_Sewa_Tarakan,60,17,Oil,0.25,1.2,3,2010,25,PQ
PLTD_Sewa_UPM_Pangkalan_Banteng,13,2.5,Oil,0.25,1.2,3,2018,25,PQ
PLTD_Siantan,7,49.9,Oil,0.25,1.2,3,1977,25,PQ
PLTD_Sidomulyo_Pinoh,9,0.576,Oil,0.25,1.2,3,2012,25,PQ
PLTD_Simpang_Sepaku_Mitsubishi_Unit_56,13,2.66,Oil,0.25,1.2,3,2021,25,PQ
PLTD_Simpang_Sepaku_Mitsubishi_Unit_9,13,1.33,Oil,0.25,1.2,3,2021,25,PQ
PLTD_Sinar_Pekayau,10,0.505,Oil,0.25,1.2,3,1997,25,PQ
PLTD_Sudirman,1,5.585,Oil,0.25,1.2,3,1982,25,PQ
PLTD_Sukaharja,9,14.799,Oil,0.25,1.2,3,1987,25,PQ
PLTD_Sukamandang,14,1.1,Oil,0.25,1.2,3,1995,25,PQ
PLTD_Sukamara_#01_(MAN),13,0.536,Oil,0.25,1.2,3,2006,25,PQ
PLTD_Sukamara_#02_(MAN),13,0.536,Oil,0.25,1.2,3,2009,25,PQ
PLTD_Sukamara_#03_(MWM),13,0.22,Oil,0.25,1.2,3,1998,25,PQ
PLTD_Sukamara_#04_(DEUTZ),13,0.24,Oil,0.25,1.2,3,1998,25,PQ
PLTD_Sukamara_#05_(DEUTZ_AG),13,0.7,Oil,0.25,1.2,3,2000,25,PQ
PLTD_Sukamara_#06_(MTU),13,0.528,Oil,0.25,1.2,3,2017,25,PQ
PLTD_Sukamara_#07_(MITSUBITSI),13,1.33,Oil,0.25,1.2,3,2018,25,PQ
PLTD_Sukamara_#08_(MITSUBITSI),13,1.33,Oil,0.25,1.2,3,2018,25,PQ
PLTD_Sukamara_#09_(MITSUBITSI),13,1.33,Oil,0.25,1.2,3,2018,25,PQ
PLTD_Sungai_Hanyu,18,0.38,Oil,0.25,1.2,3,1994,25,PQ
PLTD_Tabang,39,0.53,Oil,0.25,1.2,3,1995,25,PQ
PLTD_Tabisaq,39,0.52,Oil,0.25,1.2,3,1996,25,PQ
PLTD_Talisayan,59,2.25,Oil,0.25,1.2,3,2013,25,PQ
PLTD_Talisayan_Pemkab,59,0.8,Oil,0.25,1.2,3,1999,25,PQ
PLTD_Talisayan_PT_IPB,59,1,Oil,0.25,1.2,3,2013,25,PQ
PLTD_Tanah_Grogot,41,3.19,Oil,0.25,1.2,3,1996,25,PQ
PLTD_Tanah_Merah,61,0.43,Oil,0.25,1.2,3,1994,25,PQ
PLTD_Tanjung_Aru,42,0.4,Oil,0.25,1.2,3,2002,25,PQ
PLTD_Tanjung_Batu,22,1,Oil,0.25,1.2,3,1983,25,PQ
PLTD_Tanjung_Batu,32,1.43,Oil,0.25,1.2,3,2000,25,PQ
PLTD_Tanjung_Isuy,40,1.88,Oil,0.25,1.2,3,1994,25,PQ
PLTD_Tanjung_Jawa,21,0.22,Oil,0.25,1.2,3,1993,25,PQ
PLTD_Tanjung_Saleh,5,0.77,Oil,0.25,1.2,3,1999,25,PQ
PLTD_Tanjung_Samalantakan,35,0.49,Oil,0.25,1.2,3,1990,25,PQ
PLTD_Tanjung_Satai,9,1.084,Oil,0.25,1.2,3,1996,25,PQ
PLTD_Tanjung_Seloka,25,1.75,Oil,0.25,1.2,3,1996,25,PQ
PLTD_Tapin_Bini,13,11.65,Oil,0.25,1.2,3,1994,25,PQ
PLTD_Tarakan,60,15.264,Oil,0.25,1.2,3,2010,25,PQ
PLTD_Tebidah,10,0.36,Oil,0.25,1.2,3,1997,25,PQ
PLTD_Telaga_Pulang,15,0.45,Oil,0.25,1.2,3,1987,25,PQ
PLTD_Teluk_Betung,21,0.26,Oil,0.25,1.2,3,1993,25,PQ
PLTD_Teluk_Melano,9,7.98,Oil,0.25,1.2,3,2010,25,PQ
PLTD_Temajuk,11,0.75,Oil,0.25,1.2,3,2015,25,PQ
PLTD_Tepuai,10,3.99,Oil,0.25,1.2,3,1994,25,PQ
PLTD_Teraju,9,0.368,Oil,0.25,1.2,3,1989,25,PQ
PLTD_Timpah,21,1.108,Oil,0.25,1.2,3,1993,25,PQ
PLTD_Tontang,9,0.216,Oil,0.25,1.2,3,1989,25,PQ
PLTD_Trisakti,23,54.2,Oil,0.25,1.2,3,1983,25,PQ
PLTD_Tubaan,59,0.455,Oil,0.25,1.2,3,1987,25,PQ
PLTD_Tulin_Onsoi,61,1,Oil,0.25,1.2,3,2015,25,PQ
PLTD_Tumbang_Lahung,19,0.38,Oil,0.25,1.2,3,1993,25,PQ
PLTD_Tumbang_Manjul,13,0.498,Oil,0.25,1.2,3,1994,25,PQ
PLTD_Tumbang_Titi,9,1.35,Oil,0.25,1.2,3,2003,25,PQ
PLTD_Tumpung_Laung,21,1.04,Oil,0.25,1.2,3,1981,25,PQ
PLTD_Ujung_Said,10,0.496,Oil,0.25,1.2,3,1984,25,PQ
PLTD_Ulak_Medang,9,0.04,Oil,0.25,1.2,3,1994,25,PQ
PLTD_Ulak_Pauk,10,0.238,Oil,0.25,1.2,3,1997,25,PQ
PLTD_ULD_Benua_Riam,31,0.18,Oil,0.25,1.2,3,1995,25,PQ
PLTD_ULD_Rantau_Bujur,31,0.42,Oil,0.25,1.2,3,1992,25,PQ
PLTD_ULD_Telaga,17,0.12,Oil,0.25,1.2,3,1990,25,PQ
PLTD_ULD_Tewah,14,1.584,Oil,0.25,1.2,3,1999,25,PQ
PLTD_ULD_Tumbang_Hiran,14,0.56,Oil,0.25,1.2,3,1983,25,PQ
PLTD_ULD_Tumbang_Jutuh,16,2.1,Oil,0.25,1.2,3,1994,25,PQ
PLTD_ULD_Tumbang_Kaman,16,1.22,Oil,0.25,1.2,3,1992,25,PQ
PLTD_ULD_Tumbang_Miri,16,1.06,Oil,0.25,1.2,3,1985,25,PQ
PLTD_ULD_Tumbang_Miwan,16,0.616,Oil,0.25,1.2,3,1992,25,PQ
PLTD_ULD_Tumbang_Senamang,14,0.46,Oil,0.25,1.2,3,1995,25,PQ
PLTD_ULD_Tumbang_Talaken,16,1,Oil,0.25,1.2,3,1994,25,PQ
PLTD_ULD_Tumbang_Tambirah,16,0.16,Oil,0.25,1.2,3,1994,25,PQ
PLTD_UPM_Parenggean,14,2.5,Oil,0.25,1.2,3,2016,25,PQ
PLTG_Peaking_#01,51,70,Oil,0.25,1.2,3,2014,25,PQ
PLTG_Peaking_#02,51,70,Oil,0.25,1.2,3,2014,25,PQ
PLTG_PLN_Tarakan_#01,60,15.7,Gas,0.56,0.75,0.13,2004,#N/A,PQ
PLTG_PLN_Tarakan_#02,60,23.6,Gas,0.56,0.75,0.13,2011,#N/A,PQ
PLTG_Sambera_#01,57,20,Oil,0.25,1.2,3,2009,25,PQ
PLTG_Sambera_#02,57,20,Oil,0.25,1.2,3,2009,25,PQ
PLTG_Senipah_#01,48,46,Gas,0.56,0.75,0.13,2014,#N/A,PQ
PLTG_Senipah_#02,48,46,Gas,0.56,0.75,0.13,2015,#N/A,PQ
PLTG_Siantan,7,34,Oil,0.25,1.2,3,1997,25,PQ
PLTG_Trisakti,23,21,Oil,0.25,1.2,3,1985,25,PQ
PLTGU_Senipah_(ST),48,29.55,Gas,0.56,0.75,0.13,2020,#N/A,PQ
PLTGU_Tanjung_Batu_#01,52,20,Oil,0.25,1.2,3,1997,25,PQ
PLTGU_Tanjung_Batu_#02,52,20,Oil,0.25,1.2,3,1997,25,PQ
PLTGU_Tanjung_Batu_#03,52,20,Oil,0.25,1.2,3,1998,25,PQ
PLTMG_Bangkanai_Blok_#01,38,39.076,Gas,0.56,0.75,0.13,2016,#N/A,PQ
PLTMG_Bangkanai_Blok_#02,38,39.076,Gas,0.56,0.75,0.13,2016,#N/A,PQ
PLTMG_Bangkanai_Blok_#03,38,39.076,Gas,0.56,0.75,0.13,2016,#N/A,PQ
PLTMG_Bangkanai_Blok_#04,38,39.076,Gas,0.56,0.75,0.13,2016,#N/A,PQ
PLTMG_Belimbing,58,8,Gas,0.56,0.75,0.13,2014,#N/A,PQ
PLTMG_Bontang_Wartsila_#01,58,6.97,Gas,0.56,0.75,0.13,2009,#N/A,PQ
PLTMG_Bontang_Wartsila_#02,58,6.97,Gas,0.56,0.75,0.13,2009,#N/A,PQ
PLTMG_Gunung_Belah_#01,60,6,Gas,0.56,0.75,0.13,2004,#N/A,PQ
PLTMG_Gunung_Belah_#02,60,6,Gas,0.56,0.75,0.13,2004,#N/A,PQ
PLTMG_MPP_Kaltim_#01,58,9.78,Gas,0.56,0.75,0.13,2018,#N/A,PQ
PLTMG_MPP_Kaltim_#02,58,9.78,Gas,0.56,0.75,0.13,2018,#N/A,PQ
PLTMG_MPP_Kaltim_#03,58,9.78,Gas,0.56,0.75,0.13,2018,#N/A,PQ
PLTMG_MPP_Kaltim_#04,58,9.78,Gas,0.56,0.75,0.13,2017,#N/A,PQ
PLTMG_MPP_PLN_Batam_(MPP_Pontianak),5,100,Oil,0.25,1.2,3,2017,25,PQ
PLTMG_PLN_Tarakan,60,30,Gas,0.56,0.75,0.13,2004,#N/A,PQ
PLTMG_Tanjung_Selor_Unit_1,63,8.912,Gas,0.56,0.75,0.13,2020,#N/A,PQ
PLTMG_Tanjung_Selor_Unit_2,63,8.912,Gas,0.56,0.75,0.13,2019,#N/A,PQ
PLTMH_Batu_Menang,9,0.1,Run_of_River,0.33,1.9,0.37,2007,80,PQ
PLTMH_Bora,9,0.2,Run_of_River,0.33,1.9,0.37,2010,80,PQ
PLTMH_Krayan,61,0.16,Run_of_River,0.33,1.9,0.37,2015,80,PQ
PLTMH_Krayan_Pemkab,61,0.08,Run_of_River,0.33,1.9,0.37,2015,80,PQ
PLTMH_Merasap,11,1.5,Run_of_River,0.33,1.9,0.37,2010,80,PQ
PLTMH_Sajingan,11,0.225,Run_of_River,0.33,1.9,0.37,2006,80,PQ
PLTMH_Serawak_Energi_BHD_Badau_(B),12,0.32,Run_of_River,0.33,1.9,0.37,2010,80,PQ
PLTMH_Serawak_Energi_BHD_Balai_Karangan_(B),12,1.12,Run_of_River,0.33,1.9,0.37,2010,80,PQ
PLTMH_Serawak_Energi_BHD_Sajingan_(B),12,0.8,Run_of_River,0.33,1.9,0.37,2010,80,PQ
PLTS_Derawan,59,0.09,Oil,0.25,1.2,3,1983,25,PQ
PLTS_Kayan_Hulu_ESDM,60,0.1,Solar,1,0.95,0,2016,25,Slack
PLTS_Lumbis_Ogong_ESDM,61,0.1,Solar,1,0.95,0,2016,25,Slack
PLTS_Pulau_Limbung,9,0.06,Solar,1,0.95,0,2016,25,Slack
PLTS_Sebatik,61,0.34,Solar,1,0.95,0,1983,25,Slack
PLTS_Sebatik_ESDM,61,0.2,Solar,1,0.95,0,2015,25,Slack
PLTS_Sebuku_ESDM,61,0.1,Solar,1,0.95,0,2016,25,Slack
PLTS_Seimenggaris_ESDM,61,0.1,Solar,1,0.95,0,2015,25,Slack
PLTS_Sidding,10,0.04,Solar,1,0.95,0,2013,25,Slack
PLTS_Temajuk,11,0.08,Solar,1,0.95,0,2012,25,Slack
PLTS_Tulin_Onsoi_ESDM,61,0.1,Solar,1,0.95,0,2016,25,Slack
PLTU_Asam_Asam_#01,25,65,Coal,0.34,1.65,0.13,2000,40,PQ
PLTU_Asam_Asam_#02,25,65,Coal,0.34,1.65,0.13,2000,40,PQ
PLTU_Asam_Asam_#03,25,65,Coal,0.34,1.65,0.13,2013,40,PQ
PLTU_Asam_Asam_#04,25,65,Coal,0.34,1.65,0.13,2013,40,PQ
PLTU_Dua_Samudera_Perkasa_(DSP),27,6,Coal,0.34,1.65,0.13,2008,40,PQ
PLTU_Embalut_(PT._Cahaya_Fajar_Kaltim)_#01,51,25,Coal,0.34,1.65,0.13,2008,40,PQ
PLTU_Embalut_(PT._Cahaya_Fajar_Kaltim)_#02,51,25,Coal,0.34,1.65,0.13,2008,40,PQ
PLTU_Embalut_Ekspansi_(PT._Cahaya_Fajar_Kaltim),51,50,Coal,0.34,1.65,0.13,2008,40,PQ
PLTU_Kalbar_1_Unit_1,3,125,Coal,0.34,1.65,0.13,2020,40,PQ
PLTU_Kalbar_1_Unit_2,2,125,Coal,0.34,1.65,0.13,2021,40,PQ
PLTU_Kalsel-1_(PT._Tanjung_Power_Indonesia)_#01,35,115,Coal,0.34,1.65,0.13,2019,40,PQ
PLTU_Kalsel-1_(PT._Tanjung_Power_Indonesia)_#02,35,115,Coal,0.34,1.65,0.13,2019,40,PQ
PLTU_Kalselteng_1_(PT._SKS_Listrik_Kalimantan)_#01,16,115.034,Coal,0.34,1.65,0.13,2020,40,PQ
PLTU_Kalselteng_1_(PT._SKS_Listrik_Kalimantan)_#02,16,115.034,Coal,0.34,1.65,0.13,2020,40,PQ
PLTU_Kaltim_(FTP2)_Unit_1,58,100,Coal,0.34,1.65,0.13,2019,40,PQ
PLTU_Kaltim_(FTP2)_Unit_2,58,125,Coal,0.34,1.65,0.13,2020,40,PQ
PLTU_Kaltim_4_(Ekspansi-2_Embalut)_#01,51,115,Coal,0.34,1.65,0.13,2020,40,PQ
PLTU_Kaltim_4_(Ekspansi-2_Embalut)_#02,51,115,Coal,0.34,1.65,0.13,2020,40,PQ
PLTU_Kariangau_(PT._Kariangau_Power)_#01,44,15,Coal,0.34,1.65,0.13,2014,40,PQ
PLTU_Kariangau_(PT._Kariangau_Power)_#02,44,15,Coal,0.34,1.65,0.13,2014,40,PQ
PLTU_Ketapang_#01,9,10,Coal,0.34,1.65,0.13,2016,40,PQ
PLTU_Ketapang_#02,9,10,Coal,0.34,1.65,0.13,2016,40,PQ
PLTU_Lati_(PT._Indo_Pusaka_Berau),59,21,Coal,0.34,1.65,0.13,2004,40,PQ
PLTU_Mangkujenang,54,4,Coal,0.34,1.65,0.13,2015,40,PQ
PLTU_MT_Kaltim_(Muara_Jawa)_#01,55,33,Coal,0.34,1.65,0.13,2018,40,PQ
PLTU_MT_Kaltim_(Muara_Jawa)_#02,55,33,Coal,0.34,1.65,0.13,2018,40,PQ
PLTU_Pangkalan_Bun_(PT._Eksploitasi_Energi_Indonesia),13,14,Coal,0.34,1.65,0.13,2011,40,PQ
PLTU_Parit_Baru_Site_Bengkayang_#01,11,55,Coal,0.34,1.65,0.13,2018,40,PQ
PLTU_Parit_Baru_Site_Bengkayang_#02,11,55,Coal,0.34,1.65,0.13,2019,40,PQ
PLTU_PT._Conch_South_Kalimantan_Cement_(SKC),30,15,Coal,0.34,1.65,0.13,2015,40,PQ
PLTU_PT._Idec_Abadi_Wood_Industries_(AWI),60,7,Coal,0.34,1.65,0.13,2017,40,PQ
PLTU_PT._Indocement_Tunggal_Perkasa,33,55,Coal,0.34,1.65,0.13,2000,40,PQ
PLTU_PT._Kalimantan_Powerindo,44,15,Coal,0.34,1.65,0.13,2016,40,PQ
PLTU_PT._Kaltim_Daya_Mandiri,58,34,Coal,0.34,1.65,0.13,2016,40,PQ
PLTU_PT._Makmur_Sejahtera_Wisesa,35,60,Coal,0.34,1.65,0.13,2013,40,PQ
PLTU_PT._Smart_Tarjun_Refinery,33,3.2,Coal,0.34,1.65,0.13,2016,40,PQ
PLTU_PT._Sumber_Alam_Sekurau_(SAS),63,7.5,Coal,0.34,1.65,0.13,2016,40,PQ
PLTU_PT._Wijaya_Triutama_Plywood_Industri,28,45,Coal,0.34,1.65,0.13,2016,40,PQ
PLTU_Pulang_Pisau_#01,20,60,Coal,0.34,1.65,0.13,2016,40,PQ
PLTU_Pulang_Pisau_#02,20,60,Coal,0.34,1.65,0.13,2017,40,PQ
PLTU_Rimau_Electric,38,7,Coal,0.34,1.65,0.13,2013,40,PQ
PLTU_Rimba_Raya,52,7.5,Coal,0.34,1.65,0.13,2015,40,PQ
PLTU_Sangatta_(PT._Kaltim_Prima_Coal)_Ex_Sektor_Mahakam,59,18,Coal,0.34,1.65,0.13,2017,40,PQ
PLTU_Sanggau_#01,9,7,Coal,0.34,1.65,0.13,2014,40,PQ
PLTU_Sanggau_#02,9,7,Coal,0.34,1.65,0.13,2014,40,PQ
PLTU_Senoni_#01,49,7.5,Coal,0.34,1.65,0.13,2011,40,PQ
PLTU_Senoni_#02,49,7.5,Coal,0.34,1.65,0.13,2011,40,PQ
PLTU_Sintang_#01,10,9,Coal,0.34,1.65,0.13,2018,40,PQ
PLTU_Sintang_#02,10,9,Coal,0.34,1.65,0.13,2018,40,PQ
PLTU_Sintang_#03,10,9,Coal,0.34,1.65,0.13,2018,40,PQ
PLTU_Tanjung_Redep_/_Berau_#01,58,9.5,Coal,0.34,1.65,0.13,2020,40,PQ
PLTU_Tanjung_Redep_/_Berau_#02,58,9.13,Coal,0.34,1.65,0.13,2020,40,PQ
PLTU_Teluk_Balikpapan_#01,43,110,Coal,0.34,1.65,0.13,2017,40,PQ
PLTU_Teluk_Balikpapan_#02,43,110,Coal,0.34,1.65,0.13,2017,40,PQ
PLTU_Tembilok_(IPP_Ketapang)_#01,9,7.5,Coal,0.34,1.65,0.13,2019,40,PQ
PLTU_Tembilok_(IPP_Ketapang)_#02,9,7.5,Coal,0.34,1.65,0.13,2019,40,PQ
